ClientIndex,ArtifactID,Rank,Level,MaxLevel,SkillID,ArtifactAttr,LevelUpResCost,RankUpResCost,DecomposeRes
10101,1,1,1,20,910001,"4,56","1,3000,25,26",,
10102,1,1,2,20,910002,"4,63","1,5000,25,38",,"25,26"
10103,1,1,3,20,910003,"4,70","1,6000,25,51",,"25,64"
10104,1,1,4,20,910004,"4,78","1,9000,25,76",,"25,115"
10105,1,1,5,20,910005,"4,85","1,10000,25,89",,"25,191"
10106,1,1,6,20,910006,"4,94","1,13000,25,114",,"25,280"
10107,1,1,7,20,910007,"4,102","1,16000,25,139",,"25,394"
10108,1,1,8,20,910008,"4,110","1,19000,25,164",,"25,533"
10109,1,1,9,20,910009,"4,119","1,21000,25,189",,"25,697"
10110,1,1,10,20,910010,"4,128","1,24000,25,215",,"25,886"
10111,1,1,11,20,910011,"4,138","1,27000,25,240",,"25,1101"
10112,1,1,12,20,910012,"4,148","1,31000,25,278",,"25,1341"
10113,1,1,13,20,910013,"4,158","1,35000,25,315",,"25,1619"
10114,1,1,14,20,910014,"4,168","1,40000,25,353",,"25,1934"
10115,1,1,15,20,910015,"4,179","1,44000,25,391",,"25,2287"
10116,1,1,16,20,910016,"4,191","1,48000,25,429",,"25,2678"
10117,1,1,17,20,910017,"4,202","1,52000,25,467",,"25,3107"
10118,1,1,18,20,910018,"4,214","1,58000,25,517",,"25,3574"
10119,1,1,19,20,910019,"4,227","1,63000,25,567",,"25,4091"
10120,1,1,20,20,910020,"4,239",,"1,210000,26,189","25,4658"
10220,1,2,20,40,910021,"4,263,1,435","1,76000,25,681",,"25,4658,26,189"
10221,1,2,21,40,910022,"4,278,1,458","1,90000,25,807",,"25,5270,26,359"
10222,1,2,22,40,910023,"4,293,1,484","1,98000,25,882",,"25,5996,26,529"
10223,1,2,23,40,910024,"4,309,1,509","1,107000,25,958",,"25,6789,26,699"
10224,1,2,24,40,910025,"4,325,1,536","1,115000,25,1034",,"25,7651,26,869"
10225,1,2,25,40,910026,"4,341,1,563","1,125000,25,1122",,"25,8581,26,1039"
10226,1,2,26,40,910027,"4,358,1,591","1,135000,25,1210",,"25,9590,26,1209"
10227,1,2,27,40,910028,"4,376,1,620","1,145000,25,1298",,"25,10679,26,1379"
10228,1,2,28,40,910029,"4,394,1,650","1,156000,25,1399",,"25,11847,26,1549"
10229,1,2,29,40,910030,"4,413,1,681","1,167000,25,1500",,"25,13106,26,1719"
10230,1,2,30,40,910031,"4,432,1,713","1,180000,25,1613",,"25,14456,26,1889"
10231,1,2,31,40,910032,"4,452,1,746","1,192000,25,1727",,"25,15907,26,2059"
10232,1,2,32,40,910033,"4,473,1,780","1,206000,25,1853",,"25,17461,26,2229"
10233,1,2,33,40,910034,"4,494,1,815","1,222000,25,1991",,"25,19128,26,2399"
10234,1,2,34,40,910035,"4,516,1,851","1,237000,25,2130",,"25,20919,26,2569"
10235,1,2,35,40,910036,"4,539,1,888","1,252000,25,2268",,"25,22836,26,2739"
10236,1,2,36,40,910037,"4,562,1,926","1,269000,25,2420",,"25,24877,26,2909"
10237,1,2,37,40,910038,"4,586,1,966","1,287000,25,2583",,"25,27055,26,3079"
10238,1,2,38,40,910039,"4,611,1,1007","1,307000,25,2760",,"25,29379,26,3249"
10239,1,2,39,40,910040,"4,636,1,1049","1,328000,25,2949",,"25,31863,26,3419"
10240,1,2,40,40,910041,"4,662,1,1092",,"1,1400000,26,1260","25,34517,26,3589"
10340,1,3,40,60,910042,"4,729,1,1201,5,89","1,371000,25,2226,26,112",,"25,34517,26,4723"
10341,1,3,41,60,910043,"4,758,1,1251,5,92","1,436000,25,2591,26,133",,"25,36297,26,4812"
10342,1,3,42,60,910044,"4,789,1,1301,5,96","1,462000,25,2726,26,144",,"25,38369,26,4918"
10343,1,3,43,60,910045,"4,821,1,1353,5,100","1,492000,25,2875,26,155",,"25,40549,26,5033"
10344,1,3,44,60,910046,"4,853,1,1407,5,104","1,523000,25,3029,26,168",,"25,42849,26,5157"
10345,1,3,45,60,910047,"4,887,1,1462,5,108","1,555000,25,3188,26,181",,"25,45272,26,5291"
10346,1,3,46,60,910048,"4,921,1,1519,5,112","1,590000,25,3360,26,195",,"25,47822,26,5435"
10347,1,3,47,60,910049,"4,957,1,1578,5,117","1,626000,25,3536,26,210",,"25,50510,26,5591"
10348,1,3,48,60,910050,"4,993,1,1638,5,121","1,664000,25,3717,26,226",,"25,53338,26,5759"
10349,1,3,49,60,910051,"4,1031,1,1700,5,126","1,705000,25,3909,26,243",,"25,56311,26,5939"
10350,1,3,50,60,910052,"4,1070,1,1764,5,131","1,747000,25,4105,26,262",,"25,59438,26,6133"
10351,1,3,51,60,910053,"4,1110,1,1830,5,135","1,791000,25,4311,26,281",,"25,62722,26,6342"
10352,1,3,52,60,910054,"4,1151,1,1897,5,140","1,838000,25,4521,26,302",,"25,66170,26,6566"
10353,1,3,53,60,910055,"4,1193,1,1967,5,146","1,887000,25,4742,26,324",,"25,69786,26,6807"
10354,1,3,54,60,910056,"4,1237,1,2039,5,151","1,938000,25,4972,26,348",,"25,73579,26,7066"
10355,1,3,55,60,910057,"4,1281,1,2113,5,156","1,993000,25,5212,26,373",,"25,77556,26,7344"
10356,1,3,56,60,910058,"4,1327,1,2189,5,162","1,1052000,25,5468,26,400",,"25,81725,26,7642"
10357,1,3,57,60,910059,"4,1375,1,2267,5,168","1,1112000,25,5725,26,428",,"25,86099,26,7962"
10358,1,3,58,60,910060,"4,1424,1,2347,5,174","1,1175000,25,5991,26,459",,"25,90679,26,8304"
10359,1,3,59,60,910061,"4,1474,1,2430,5,180","1,1242000,25,6272,26,491",,"25,95471,26,8671"
10360,1,3,60,60,910062,"4,1525,1,2515,5,186",,"1,7000000,26,6300","25,100488,26,9063"
10460,1,4,60,80,910063,"4,1678,1,2767,5,205,11,400","1,1388000,25,6937,26,555",,"25,100488,26,14103"
10461,1,4,61,80,910064,"4,1736,1,2863,5,212,11,420","1,1612000,25,7977,26,653",,"25,105343,26,14491"
10462,1,4,62,80,910065,"4,1796,1,2962,5,219,11,440","1,1703000,25,8342,26,698",,"25,110926,26,14948"
10463,1,4,63,80,910066,"4,1858,1,3064,5,227,11,460","1,1798000,25,8719,26,747",,"25,116765,26,15436"
10464,1,4,64,80,910067,"4,1922,1,3168,5,235,11,480","1,1897000,25,9106,26,797",,"25,122868,26,15958"
10465,1,4,65,80,910068,"4,1987,1,3276,5,243,11,500","1,2002000,25,9510,26,851",,"25,129242,26,16515"
10466,1,4,66,80,910069,"4,2054,1,3387,5,251,11,520","1,2113000,25,9930,26,909",,"25,135899,26,17110"
10467,1,4,67,80,910070,"4,2123,1,3501,5,260,11,540","1,2228000,25,10358,26,969",,"25,142850,26,17746"
10468,1,4,68,80,910071,"4,2194,1,3617,5,268,11,560","1,2350000,25,10807,26,1034",,"25,150100,26,18424"
10469,1,4,69,80,910072,"4,2267,1,3738,5,277,11,580","1,2478000,25,11275,26,1103",,"25,157664,26,19147"
10470,1,4,70,80,910073,"4,2342,1,3861,5,286,11,600","1,2613000,25,11756,26,1176",,"25,165556,26,19919"
10471,1,4,71,80,910074,"4,2419,1,3988,5,296,11,620","1,2754000,25,12255,26,1253",,"25,173785,26,20742"
10472,1,4,72,80,910075,"4,2498,1,4119,5,305,11,640","1,2903000,25,12770,26,1336",,"25,182363,26,21619"
10473,1,4,73,80,910076,"4,2580,1,4253,5,315,11,660","1,3058000,25,13301,26,1422",,"25,191302,26,22554"
10474,1,4,74,80,910077,"4,2664,1,4391,5,326,11,680","1,3222000,25,13853,26,1515",,"25,200612,26,23549"
10475,1,4,75,80,910078,"4,2749,1,4533,5,336,11,700","1,3393000,25,14417,26,1612",,"25,210309,26,24609"
10476,1,4,76,80,910079,"4,2838,1,4679,5,347,11,720","1,3573000,25,15006,26,1715",,"25,220400,26,25737"
10477,1,4,77,80,910080,"4,2929,1,4829,5,358,11,740","1,3764000,25,15618,26,1826",,"25,230904,26,26937"
10478,1,4,78,80,910081,"4,3022,1,4982,5,370,11,760","1,3962000,25,16245,26,1942",,"25,241836,26,28215"
10479,1,4,79,80,910082,"4,3118,1,5140,5,381,11,780","1,4171000,25,16891,26,2065",,"25,253207,26,29574"
10480,1,4,80,80,910083,"4,3217,1,5303,5,393,11,800",,,"25,265030,26,31019"
20101,2,1,1,20,911001,"1,312","1,3000,25,26",,
20102,2,1,2,20,911002,"1,349","1,5000,25,38",,"25,26"
20103,2,1,3,20,911003,"1,389","1,6000,25,51",,"25,64"
20104,2,1,4,20,911004,"1,429","1,9000,25,76",,"25,115"
20105,2,1,5,20,911005,"1,472","1,10000,25,89",,"25,191"
20106,2,1,6,20,911006,"1,517","1,13000,25,114",,"25,280"
20107,2,1,7,20,911007,"1,562","1,16000,25,139",,"25,394"
20108,2,1,8,20,911008,"1,609","1,19000,25,164",,"25,533"
20109,2,1,9,20,911009,"1,658","1,21000,25,189",,"25,697"
20110,2,1,10,20,911010,"1,708","1,24000,25,215",,"25,886"
20111,2,1,11,20,911011,"1,760","1,27000,25,240",,"25,1101"
20112,2,1,12,20,911012,"1,814","1,31000,25,278",,"25,1341"
20113,2,1,13,20,911013,"1,870","1,35000,25,315",,"25,1619"
20114,2,1,14,20,911014,"1,927","1,40000,25,353",,"25,1934"
20115,2,1,15,20,911015,"1,987","1,44000,25,391",,"25,2287"
20116,2,1,16,20,911016,"1,1050","1,48000,25,429",,"25,2678"
20117,2,1,17,20,911017,"1,1114","1,52000,25,467",,"25,3107"
20118,2,1,18,20,911018,"1,1180","1,58000,25,517",,"25,3574"
20119,2,1,19,20,911019,"1,1247","1,63000,25,567",,"25,4091"
20120,2,1,20,20,911020,"1,1318",,"1,210000,26,189","25,4658"
20220,2,2,20,40,911021,"1,1450,4,79","1,76000,25,681",,"25,4658,26,189"
20221,2,2,21,40,911022,"1,1529,4,83","1,90000,25,807",,"25,5270,26,359"
20222,2,2,22,40,911023,"1,1613,4,88","1,98000,25,882",,"25,5996,26,529"
20223,2,2,23,40,911024,"1,1698,4,92","1,107000,25,958",,"25,6789,26,699"
20224,2,2,24,40,911025,"1,1787,4,97","1,115000,25,1034",,"25,7651,26,869"
20225,2,2,25,40,911026,"1,1877,4,102","1,125000,25,1122",,"25,8581,26,1039"
20226,2,2,26,40,911027,"1,1972,4,107","1,135000,25,1210",,"25,9590,26,1209"
20227,2,2,27,40,911028,"1,2068,4,112","1,145000,25,1298",,"25,10679,26,1379"
20228,2,2,28,40,911029,"1,2168,4,118","1,156000,25,1399",,"25,11847,26,1549"
20229,2,2,29,40,911030,"1,2271,4,124","1,167000,25,1500",,"25,13106,26,1719"
20230,2,2,30,40,911031,"1,2377,4,129","1,180000,25,1613",,"25,14456,26,1889"
20231,2,2,31,40,911032,"1,2487,4,135","1,192000,25,1727",,"25,15907,26,2059"
20232,2,2,32,40,911033,"1,2601,4,142","1,206000,25,1853",,"25,17461,26,2229"
20233,2,2,33,40,911034,"1,2717,4,148","1,222000,25,1991",,"25,19128,26,2399"
20234,2,2,34,40,911035,"1,2838,4,154","1,237000,25,2130",,"25,20919,26,2569"
20235,2,2,35,40,911036,"1,2962,4,161","1,252000,25,2268",,"25,22836,26,2739"
20236,2,2,36,40,911037,"1,3089,4,168","1,269000,25,2420",,"25,24877,26,2909"
20237,2,2,37,40,911038,"1,3222,4,175","1,287000,25,2583",,"25,27055,26,3079"
20238,2,2,38,40,911039,"1,3358,4,183","1,307000,25,2760",,"25,29379,26,3249"
20239,2,2,39,40,911040,"1,3498,4,190","1,328000,25,2949",,"25,31863,26,3419"
20240,2,2,40,40,911041,"1,3641,4,198",,"1,1400000,26,1260","25,34517,26,3589"
20340,2,3,40,60,911042,"1,4006,4,218,5,89","1,371000,25,2226,26,112",,"25,34517,26,4723"
20341,2,3,41,60,911043,"1,4170,4,227,5,92","1,436000,25,2591,26,133",,"25,36297,26,4812"
20342,2,3,42,60,911044,"1,4338,4,236,5,96","1,462000,25,2726,26,144",,"25,38369,26,4918"
20343,2,3,43,60,911045,"1,4512,4,246,5,100","1,492000,25,2875,26,155",,"25,40549,26,5033"
20344,2,3,44,60,911046,"1,4690,4,256,5,104","1,523000,25,3029,26,168",,"25,42849,26,5157"
20345,2,3,45,60,911047,"1,4875,4,266,5,108","1,555000,25,3188,26,181",,"25,45272,26,5291"
20346,2,3,46,60,911048,"1,5064,4,276,5,112","1,590000,25,3360,26,195",,"25,47822,26,5435"
20347,2,3,47,60,911049,"1,5260,4,287,5,117","1,626000,25,3536,26,210",,"25,50510,26,5591"
20348,2,3,48,60,911050,"1,5461,4,298,5,121","1,664000,25,3717,26,226",,"25,53338,26,5759"
20349,2,3,49,60,911051,"1,5668,4,309,5,126","1,705000,25,3909,26,243",,"25,56311,26,5939"
20350,2,3,50,60,911052,"1,5881,4,321,5,131","1,747000,25,4105,26,262",,"25,59438,26,6133"
20351,2,3,51,60,911053,"1,6101,4,333,5,135","1,791000,25,4311,26,281",,"25,62722,26,6342"
20352,2,3,52,60,911054,"1,6325,4,345,5,140","1,838000,25,4521,26,302",,"25,66170,26,6566"
20353,2,3,53,60,911055,"1,6559,4,358,5,146","1,887000,25,4742,26,324",,"25,69786,26,6807"
20354,2,3,54,60,911056,"1,6797,4,371,5,151","1,938000,25,4972,26,348",,"25,73579,26,7066"
20355,2,3,55,60,911057,"1,7043,4,384,5,156","1,993000,25,5212,26,373",,"25,77556,26,7344"
20356,2,3,56,60,911058,"1,7297,4,398,5,162","1,1052000,25,5468,26,400",,"25,81725,26,7642"
20357,2,3,57,60,911059,"1,7557,4,412,5,168","1,1112000,25,5725,26,428",,"25,86099,26,7962"
20358,2,3,58,60,911060,"1,7825,4,427,5,174","1,1175000,25,5991,26,459",,"25,90679,26,8304"
20359,2,3,59,60,911061,"1,8101,4,442,5,180","1,1242000,25,6272,26,491",,"25,95471,26,8671"
20360,2,3,60,60,911062,"1,8385,4,457,5,186",,"1,7000000,26,6300","25,100488,26,9063"
20460,2,4,60,80,911063,"1,9223,4,503,5,205,31,400","1,1388000,25,6937,26,555",,"25,100488,26,14103"
20461,2,4,61,80,911064,"1,9544,4,521,5,212,31,420","1,1612000,25,7977,26,653",,"25,105343,26,14491"
20462,2,4,62,80,911065,"1,9874,4,539,5,219,31,440","1,1703000,25,8342,26,698",,"25,110926,26,14948"
20463,2,4,63,80,911066,"1,10213,4,557,5,227,31,460","1,1798000,25,8719,26,747",,"25,116765,26,15436"
20464,2,4,64,80,911067,"1,10562,4,576,5,235,31,480","1,1897000,25,9106,26,797",,"25,122868,26,15958"
20465,2,4,65,80,911068,"1,10921,4,596,5,243,31,500","1,2002000,25,9510,26,851",,"25,129242,26,16515"
20466,2,4,66,80,911069,"1,11290,4,616,5,251,31,520","1,2113000,25,9930,26,909",,"25,135899,26,17110"
20467,2,4,67,80,911070,"1,11670,4,637,5,260,31,540","1,2228000,25,10358,26,969",,"25,142850,26,17746"
20468,2,4,68,80,911071,"1,12059,4,658,5,268,31,560","1,2350000,25,10807,26,1034",,"25,150100,26,18424"
20469,2,4,69,80,911072,"1,12460,4,680,5,277,31,580","1,2478000,25,11275,26,1103",,"25,157664,26,19147"
20470,2,4,70,80,911073,"1,12872,4,702,5,286,31,600","1,2613000,25,11756,26,1176",,"25,165556,26,19919"
20471,2,4,71,80,911074,"1,13296,4,725,5,296,31,620","1,2754000,25,12255,26,1253",,"25,173785,26,20742"
20472,2,4,72,80,911075,"1,13732,4,749,5,305,31,640","1,2903000,25,12770,26,1336",,"25,182363,26,21619"
20473,2,4,73,80,911076,"1,14179,4,774,5,315,31,660","1,3058000,25,13301,26,1422",,"25,191302,26,22554"
20474,2,4,74,80,911077,"1,14639,4,799,5,326,31,680","1,3222000,25,13853,26,1515",,"25,200612,26,23549"
20475,2,4,75,80,911078,"1,15112,4,824,5,336,31,700","1,3393000,25,14417,26,1612",,"25,210309,26,24609"
20476,2,4,76,80,911079,"1,15597,4,851,5,347,31,720","1,3573000,25,15006,26,1715",,"25,220400,26,25737"
20477,2,4,77,80,911080,"1,16097,4,878,5,358,31,740","1,3764000,25,15618,26,1826",,"25,230904,26,26937"
20478,2,4,78,80,911081,"1,16609,4,906,5,370,31,760","1,3962000,25,16245,26,1942",,"25,241836,26,28215"
20479,2,4,79,80,911082,"1,17136,4,935,5,381,31,780","1,4171000,25,16891,26,2065",,"25,253207,26,29574"
20480,2,4,80,80,911083,"1,17678,4,965,5,393,31,800",,,"25,265030,26,31019"
30101,3,1,1,20,912001,"4,73","1,4000,25,33",,
30102,3,1,2,20,912002,"4,81","1,6000,25,49",,"25,33"
30103,3,1,3,20,912003,"4,91","1,8000,25,65",,"25,82"
30104,3,1,4,20,912004,"4,100","1,11000,25,98",,"25,147"
30105,3,1,5,20,912005,"4,110","1,13000,25,114",,"25,245"
30106,3,1,6,20,912006,"4,120","1,17000,25,146",,"25,359"
30107,3,1,7,20,912007,"4,131","1,20000,25,179",,"25,505"
30108,3,1,8,20,912008,"4,142","1,24000,25,211",,"25,684"
30109,3,1,9,20,912009,"4,153","1,27000,25,243",,"25,895"
30110,3,1,10,20,912010,"4,165","1,31000,25,276",,"25,1138"
30111,3,1,11,20,912011,"4,177","1,35000,25,308",,"25,1414"
30112,3,1,12,20,912012,"4,190","1,40000,25,357",,"25,1722"
30113,3,1,13,20,912013,"4,203","1,45000,25,405",,"25,2079"
30114,3,1,14,20,912014,"4,217","1,51000,25,454",,"25,2484"
30115,3,1,15,20,912015,"4,231","1,56000,25,503",,"25,2938"
30116,3,1,16,20,912016,"4,245","1,62000,25,551",,"25,3441"
30117,3,1,17,20,912017,"4,260","1,67000,25,600",,"25,3992"
30118,3,1,18,20,912018,"4,276","1,74000,25,665",,"25,4592"
30119,3,1,19,20,912019,"4,291","1,81000,25,729",,"25,5257"
30120,3,1,20,20,912020,"4,308",,"1,270000,26,243","25,5986"
30220,3,2,20,40,912021,"4,339,5,124","1,98000,25,875",,"25,5986,26,243"
30221,3,2,21,40,912022,"4,357,5,131","1,116000,25,1037",,"25,6773,26,461"
30222,3,2,22,40,912023,"4,377,5,138","1,126000,25,1134",,"25,7706,26,679"
30223,3,2,23,40,912024,"4,397,5,145","1,137000,25,1232",,"25,8726,26,897"
30224,3,2,24,40,912025,"4,418,5,153","1,148000,25,1329",,"25,9834,26,1115"
30225,3,2,25,40,912026,"4,439,5,161","1,161000,25,1442",,"25,11030,26,1333"
30226,3,2,26,40,912027,"4,461,5,169","1,173000,25,1556",,"25,12327,26,1551"
30227,3,2,27,40,912028,"4,483,5,177","1,186000,25,1669",,"25,13727,26,1769"
30228,3,2,28,40,912029,"4,507,5,186","1,200000,25,1799",,"25,15229,26,1987"
30229,3,2,29,40,912030,"4,531,5,195","1,215000,25,1928",,"25,16848,26,2205"
30230,3,2,30,40,912031,"4,556,5,204","1,231000,25,2074",,"25,18583,26,2423"
30231,3,2,31,40,912032,"4,582,5,213","1,247000,25,2220",,"25,20449,26,2641"
30232,3,2,32,40,912033,"4,608,5,223","1,265000,25,2382",,"25,22447,26,2859"
30233,3,2,33,40,912034,"4,635,5,233","1,285000,25,2560",,"25,24590,26,3077"
30234,3,2,34,40,912035,"4,664,5,243","1,305000,25,2738",,"25,26894,26,3295"
30235,3,2,35,40,912036,"4,693,5,254","1,324000,25,2916",,"25,29358,26,3513"
30236,3,2,36,40,912037,"4,722,5,265","1,346000,25,3111",,"25,31982,26,3731"
30237,3,2,37,40,912038,"4,753,5,276","1,369000,25,3321",,"25,34781,26,3949"
30238,3,2,38,40,912039,"4,785,5,288","1,395000,25,3548",,"25,37769,26,4167"
30239,3,2,39,40,912040,"4,818,5,300","1,422000,25,3791",,"25,40962,26,4385"
30240,3,2,40,40,912041,"4,852,5,312",,"1,1800000,26,1620","25,44373,26,4603"
30340,3,3,40,60,912042,"4,937,5,344,1,515","1,477000,25,2862,26,144",,"25,44373,26,6061"
30341,3,3,41,60,912043,"4,975,5,358,1,536","1,560000,25,3331,26,171",,"25,46662,26,6176"
30342,3,3,42,60,912044,"4,1015,5,372,1,557","1,594000,25,3505,26,185",,"25,49326,26,6312"
30343,3,3,43,60,912045,"4,1055,5,387,1,580","1,632000,25,3697,26,200",,"25,52130,26,6460"
30344,3,3,44,60,912046,"4,1097,5,403,1,603","1,672000,25,3895,26,215",,"25,55087,26,6620"
30345,3,3,45,60,912047,"4,1140,5,419,1,626","1,713000,25,4099,26,232",,"25,58203,26,6792"
30346,3,3,46,60,912048,"4,1184,5,435,1,651","1,758000,25,4320,26,251",,"25,61482,26,6977"
30347,3,3,47,60,912049,"4,1230,5,452,1,676","1,805000,25,4546,26,270",,"25,64938,26,7177"
30348,3,3,48,60,912050,"4,1277,5,469,1,702","1,854000,25,4778,26,291",,"25,68574,26,7393"
30349,3,3,49,60,912051,"4,1326,5,487,1,728","1,906000,25,5025,26,313",,"25,72396,26,7625"
30350,3,3,50,60,912052,"4,1376,5,505,1,756","1,960000,25,5277,26,336",,"25,76416,26,7875"
30351,3,3,51,60,912053,"4,1427,5,524,1,784","1,1017000,25,5543,26,362",,"25,80637,26,8143"
30352,3,3,52,60,912054,"4,1480,5,543,1,813","1,1077000,25,5813,26,388",,"25,85071,26,8432"
30353,3,3,53,60,912055,"4,1534,5,563,1,843","1,1140000,25,6096,26,416",,"25,89721,26,8742"
30354,3,3,54,60,912056,"4,1590,5,584,1,874","1,1206000,25,6392,26,447",,"25,94597,26,9074"
30355,3,3,55,60,912057,"4,1648,5,605,1,905","1,1277000,25,6701,26,479",,"25,99710,26,9431"
30356,3,3,56,60,912058,"4,1707,5,627,1,938","1,1352000,25,7030,26,514",,"25,105070,26,9814"
30357,3,3,57,60,912059,"4,1768,5,649,1,971","1,1430000,25,7361,26,551",,"25,110694,26,10225"
30358,3,3,58,60,912060,"4,1830,5,672,1,1006","1,1511000,25,7703,26,589",,"25,116582,26,10665"
30359,3,3,59,60,912061,"4,1895,5,696,1,1041","1,1597000,25,8063,26,631",,"25,122744,26,11136"
30360,3,3,60,60,912062,"4,1961,5,720,1,1078",,"1,9000000,26,8100","25,129194,26,11640"
30460,3,4,60,80,912063,"4,2157,5,792,1,1185,9,400","1,1784000,25,8919,26,714",,"25,129194,26,18120"
30461,3,4,61,80,912064,"4,2233,5,820,1,1227,9,420","1,2072000,25,10256,26,840",,"25,135437,26,18619"
30462,3,4,62,80,912065,"4,2310,5,848,1,1269,9,440","1,2189000,25,10726,26,898",,"25,142616,26,19207"
30463,3,4,63,80,912066,"4,2389,5,877,1,1313,9,460","1,2312000,25,11210,26,960",,"25,150124,26,19835"
30464,3,4,64,80,912067,"4,2471,5,907,1,1357,9,480","1,2439000,25,11708,26,1025",,"25,157971,26,20507"
30465,3,4,65,80,912068,"4,2555,5,938,1,1404,9,500","1,2574000,25,12227,26,1094",,"25,166166,26,21224"
30466,3,4,66,80,912069,"4,2641,5,970,1,1451,9,520","1,2717000,25,12767,26,1168",,"25,174724,26,21989"
30467,3,4,67,80,912070,"4,2730,5,1002,1,1500,9,540","1,2864000,25,13317,26,1246",,"25,183660,26,22806"
30468,3,4,68,80,912071,"4,2821,5,1036,1,1550,9,560","1,3021000,25,13894,26,1329",,"25,192981,26,23678"
30469,3,4,69,80,912072,"4,2915,5,1070,1,1602,9,580","1,3186000,25,14497,26,1418",,"25,202706,26,24608"
30470,3,4,70,80,912073,"4,3011,5,1106,1,1655,9,600","1,3359000,25,15115,26,1512",,"25,212853,26,25600"
30471,3,4,71,80,912074,"4,3110,5,1142,1,1709,9,620","1,3541000,25,15756,26,1611",,"25,223433,26,26658"
30472,3,4,72,80,912075,"4,3212,5,1180,1,1765,9,640","1,3732000,25,16419,26,1717",,"25,234462,26,27785"
30473,3,4,73,80,912076,"4,3317,5,1218,1,1823,9,660","1,3932000,25,17101,26,1829",,"25,245955,26,28986"
30474,3,4,74,80,912077,"4,3425,5,1258,1,1882,9,680","1,4142000,25,17810,26,1947",,"25,257925,26,30266"
30475,3,4,75,80,912078,"4,3535,5,1298,1,1942,9,700","1,4362000,25,18536,26,2072",,"25,270392,26,31628"
30476,3,4,76,80,912079,"4,3649,5,1340,1,2005,9,720","1,4594000,25,19294,26,2205",,"25,283367,26,33078"
30477,3,4,77,80,912080,"4,3766,5,1383,1,2069,9,740","1,4839000,25,20080,26,2347",,"25,296872,26,34621"
30478,3,4,78,80,912081,"4,3886,5,1427,1,2135,9,760","1,5094000,25,20886,26,2497",,"25,310928,26,36263"
30479,3,4,79,80,912082,"4,4009,5,1472,1,2203,9,780","1,5363000,25,21717,26,2655",,"25,325548,26,38010"
30480,3,4,80,80,912083,"4,4136,5,1519,1,2272,9,800",,,"25,340749,26,39868"
40101,4,1,1,20,913001,"4,64","1,4000,25,29",,
40102,4,1,2,20,913002,"4,72","1,5000,25,44",,"25,29"
40103,4,1,3,20,913003,"4,81","1,7000,25,58",,"25,73"
40104,4,1,4,20,913004,"4,89","1,10000,25,87",,"25,131"
40105,4,1,5,20,913005,"4,98","1,12000,25,101",,"25,218"
40106,4,1,6,20,913006,"4,107","1,15000,25,130",,"25,319"
40107,4,1,7,20,913007,"4,116","1,18000,25,159",,"25,449"
40108,4,1,8,20,913008,"4,126","1,21000,25,188",,"25,608"
40109,4,1,9,20,913009,"4,136","1,24000,25,216",,"25,796"
40110,4,1,10,20,913010,"4,147","1,28000,25,245",,"25,1012"
40111,4,1,11,20,913011,"4,158","1,31000,25,274",,"25,1257"
40112,4,1,12,20,913012,"4,169","1,36000,25,317",,"25,1531"
40113,4,1,13,20,913013,"4,181","1,40000,25,360",,"25,1848"
40114,4,1,14,20,913014,"4,192","1,45000,25,404",,"25,2208"
40115,4,1,15,20,913015,"4,205","1,50000,25,447",,"25,2612"
40116,4,1,16,20,913016,"4,218","1,55000,25,490",,"25,3059"
40117,4,1,17,20,913017,"4,231","1,60000,25,533",,"25,3549"
40118,4,1,18,20,913018,"4,245","1,66000,25,591",,"25,4082"
40119,4,1,19,20,913019,"4,259","1,72000,25,648",,"25,4673"
40120,4,1,20,20,913020,"4,274",,"1,240000,26,216","25,5321"
40220,4,2,20,40,913021,"4,301,1,497","1,87000,25,778",,"25,5321,26,216"
40221,4,2,21,40,913022,"4,318,1,524","1,103000,25,922",,"25,6021,26,410"
40222,4,2,22,40,913023,"4,335,1,553","1,112000,25,1008",,"25,6850,26,604"
40223,4,2,23,40,913024,"4,353,1,582","1,122000,25,1095",,"25,7757,26,798"
40224,4,2,24,40,913025,"4,371,1,612","1,132000,25,1181",,"25,8742,26,992"
40225,4,2,25,40,913026,"4,390,1,643","1,143000,25,1282",,"25,9804,26,1186"
40226,4,2,26,40,913027,"4,410,1,676","1,154000,25,1383",,"25,10957,26,1380"
40227,4,2,27,40,913028,"4,430,1,709","1,165000,25,1484",,"25,12201,26,1574"
40228,4,2,28,40,913029,"4,450,1,743","1,178000,25,1599",,"25,13536,26,1768"
40229,4,2,29,40,913030,"4,472,1,778","1,191000,25,1714",,"25,14975,26,1962"
40230,4,2,30,40,913031,"4,494,1,815","1,205000,25,1844",,"25,16517,26,2156"
40231,4,2,31,40,913032,"4,517,1,852","1,220000,25,1973",,"25,18176,26,2350"
40232,4,2,32,40,913033,"4,541,1,891","1,236000,25,2117",,"25,19951,26,2544"
40233,4,2,33,40,913034,"4,565,1,931","1,253000,25,2276",,"25,21856,26,2738"
40234,4,2,34,40,913035,"4,590,1,973","1,271000,25,2434",,"25,23904,26,2932"
40235,4,2,35,40,913036,"4,616,1,1015","1,288000,25,2592",,"25,26094,26,3126"
40236,4,2,36,40,913037,"4,642,1,1059","1,308000,25,2765",,"25,28426,26,3320"
40237,4,2,37,40,913038,"4,670,1,1104","1,328000,25,2952",,"25,30914,26,3514"
40238,4,2,38,40,913039,"4,698,1,1151","1,351000,25,3154",,"25,33570,26,3708"
40239,4,2,39,40,913040,"4,727,1,1199","1,375000,25,3370",,"25,36408,26,3902"
40240,4,2,40,40,913041,"4,757,1,1248",,"1,1600000,26,1440","25,39441,26,4096"
40340,4,3,40,60,913042,"4,833,1,1373,5,102","1,424000,25,2544,26,128",,"25,39441,26,5392"
40341,4,3,41,60,913043,"4,867,1,1429,5,106","1,498000,25,2961,26,152",,"25,41476,26,5494"
40342,4,3,42,60,913044,"4,902,1,1487,5,110","1,528000,25,3116,26,164",,"25,43844,26,5615"
40343,4,3,43,60,913045,"4,938,1,1547,5,114","1,562000,25,3286,26,177",,"25,46336,26,5746"
40344,4,3,44,60,913046,"4,975,1,1608,5,119","1,597000,25,3462,26,191",,"25,48964,26,5887"
40345,4,3,45,60,913047,"4,1014,1,1671,5,124","1,634000,25,3644,26,206",,"25,51733,26,6039"
40346,4,3,46,60,913048,"4,1053,1,1736,5,128","1,674000,25,3840,26,223",,"25,54648,26,6203"
40347,4,3,47,60,913049,"4,1094,1,1803,5,133","1,716000,25,4041,26,240",,"25,57720,26,6381"
40348,4,3,48,60,913050,"4,1135,1,1872,5,139","1,759000,25,4248,26,258",,"25,60952,26,6573"
40349,4,3,49,60,913051,"4,1178,1,1943,5,144","1,805000,25,4467,26,278",,"25,64350,26,6779"
40350,4,3,50,60,913052,"4,1223,1,2016,5,149","1,853000,25,4691,26,299",,"25,67923,26,7001"
40351,4,3,51,60,913053,"4,1268,1,2091,5,155","1,904000,25,4927,26,321",,"25,71675,26,7240"
40352,4,3,52,60,913054,"4,1315,1,2168,5,161","1,957000,25,5167,26,345",,"25,75616,26,7496"
40353,4,3,53,60,913055,"4,1364,1,2248,5,167","1,1013000,25,5419,26,370",,"25,79749,26,7772"
40354,4,3,54,60,913056,"4,1413,1,2330,5,173","1,1072000,25,5682,26,397",,"25,84084,26,8068"
40355,4,3,55,60,913057,"4,1464,1,2415,5,179","1,1135000,25,5956,26,426",,"25,88629,26,8385"
40356,4,3,56,60,913058,"4,1517,1,2502,5,185","1,1202000,25,6249,26,457",,"25,93393,26,8725"
40357,4,3,57,60,913059,"4,1571,1,2591,5,192","1,1271000,25,6543,26,490",,"25,98392,26,9090"
40358,4,3,58,60,913060,"4,1627,1,2683,5,199","1,1343000,25,6847,26,524",,"25,103626,26,9482"
40359,4,3,59,60,913061,"4,1684,1,2777,5,206","1,1420000,25,7167,26,561",,"25,109103,26,9901"
40360,4,3,60,60,913062,"4,1743,1,2874,5,213",,"1,8000000,26,7200","25,114836,26,10349"
40460,4,4,60,80,913063,"4,1918,1,3162,5,234,20,400","1,1586000,25,7928,26,635",,"25,114836,26,16109"
40461,4,4,61,80,913064,"4,1984,1,3272,5,243,20,420","1,1842000,25,9116,26,746",,"25,120385,26,16553"
40462,4,4,62,80,913065,"4,2053,1,3385,5,251,20,440","1,1946000,25,9534,26,798",,"25,126766,26,17075"
40463,4,4,63,80,913066,"4,2124,1,3501,5,260,20,460","1,2055000,25,9964,26,853",,"25,133439,26,17633"
40464,4,4,64,80,913067,"4,2196,1,3621,5,268,20,480","1,2168000,25,10407,26,911",,"25,140413,26,18230"
40465,4,4,65,80,913068,"4,2271,1,3744,5,278,20,500","1,2288000,25,10868,26,973",,"25,147697,26,18867"
40466,4,4,66,80,913069,"4,2348,1,3870,5,287,20,520","1,2415000,25,11348,26,1039",,"25,155304,26,19548"
40467,4,4,67,80,913070,"4,2427,1,4001,5,297,20,540","1,2546000,25,11838,26,1108",,"25,163247,26,20275"
40468,4,4,68,80,913071,"4,2508,1,4134,5,307,20,560","1,2685000,25,12351,26,1182",,"25,171533,26,21050"
40469,4,4,69,80,913072,"4,2591,1,4272,5,317,20,580","1,2832000,25,12886,26,1261",,"25,180178,26,21877"
40470,4,4,70,80,913073,"4,2677,1,4413,5,327,20,600","1,2986000,25,13436,26,1344",,"25,189198,26,22759"
40471,4,4,71,80,913074,"4,2765,1,4558,5,338,20,620","1,3148000,25,14006,26,1432",,"25,198603,26,23699"
40472,4,4,72,80,913075,"4,2855,1,4708,5,349,20,640","1,3317000,25,14594,26,1526",,"25,208407,26,24701"
40473,4,4,73,80,913076,"4,2948,1,4861,5,361,20,660","1,3495000,25,15201,26,1625",,"25,218622,26,25769"
40474,4,4,74,80,913077,"4,3044,1,5019,5,372,20,680","1,3682000,25,15831,26,1731",,"25,229262,26,26906"
40475,4,4,75,80,913078,"4,3142,1,5181,5,384,20,700","1,3877000,25,16477,26,1842",,"25,240343,26,28117"
40476,4,4,76,80,913079,"4,3243,1,5347,5,397,20,720","1,4084000,25,17150,26,1960",,"25,251876,26,29406"
40477,4,4,77,80,913080,"4,3347,1,5519,5,409,20,740","1,4301000,25,17849,26,2086",,"25,263881,26,30778"
40478,4,4,78,80,913081,"4,3454,1,5694,5,422,20,760","1,4528000,25,18565,26,2219",,"25,276375,26,32238"
40479,4,4,79,80,913082,"4,3563,1,5875,5,436,20,780","1,4767000,25,19304,26,2360",,"25,289370,26,33791"
40480,4,4,80,80,913083,"4,3676,1,6061,5,450,20,800",,,"25,302882,26,35443"
50101,5,1,1,20,914001,"5,99","1,4000,25,36",,
50102,5,1,2,20,914002,"5,111","1,6000,25,54",,"25,36"
50103,5,1,3,20,914003,"5,124","1,8000,25,72",,"25,90"
50104,5,1,4,20,914004,"5,136","1,12000,25,108",,"25,162"
50105,5,1,5,20,914005,"5,150","1,14000,25,126",,"25,270"
50106,5,1,6,20,914006,"5,164","1,18000,25,162",,"25,396"
50107,5,1,7,20,914007,"5,178","1,22000,25,198",,"25,558"
50108,5,1,8,20,914008,"5,193","1,26000,25,234",,"25,756"
50109,5,1,9,20,914009,"5,209","1,30000,25,270",,"25,990"
50110,5,1,10,20,914010,"5,225","1,34000,25,306",,"25,1260"
50111,5,1,11,20,914011,"5,242","1,38000,25,342",,"25,1566"
50112,5,1,12,20,914012,"5,259","1,44000,25,396",,"25,1908"
50113,5,1,13,20,914013,"5,277","1,50000,25,450",,"25,2304"
50114,5,1,14,20,914014,"5,295","1,56000,25,504",,"25,2754"
50115,5,1,15,20,914015,"5,314","1,62000,25,558",,"25,3258"
50116,5,1,16,20,914016,"5,334","1,68000,25,612",,"25,3816"
50117,5,1,17,20,914017,"5,354","1,74000,25,666",,"25,4428"
50118,5,1,18,20,914018,"5,375","1,82000,25,738",,"25,5094"
50119,5,1,19,20,914019,"5,397","1,90000,25,810",,"25,5832"
50120,5,1,20,20,914020,"5,419",,"1,300000,26,270","25,6642"
50220,5,2,20,40,914021,"5,461,1,621","1,108000,25,972",,"25,6642,26,270"
50221,5,2,21,40,914022,"5,486,1,655","1,128000,25,1152",,"25,7516,26,513"
50222,5,2,22,40,914023,"5,513,1,691","1,140000,25,1260",,"25,8552,26,756"
50223,5,2,23,40,914024,"5,540,1,727","1,152000,25,1368",,"25,9686,26,999"
50224,5,2,24,40,914025,"5,568,1,765","1,164000,25,1476",,"25,10917,26,1242"
50225,5,2,25,40,914026,"5,597,1,804","1,178000,25,1602",,"25,12245,26,1485"
50226,5,2,26,40,914027,"5,627,1,845","1,192000,25,1728",,"25,13686,26,1728"
50227,5,2,27,40,914028,"5,658,1,886","1,206000,25,1854",,"25,15241,26,1971"
50228,5,2,28,40,914029,"5,690,1,929","1,222000,25,1998",,"25,16909,26,2214"
50229,5,2,29,40,914030,"5,723,1,973","1,238000,25,2142",,"25,18707,26,2457"
50230,5,2,30,40,914031,"5,756,1,1019","1,256000,25,2304",,"25,20634,26,2700"
50231,5,2,31,40,914032,"5,791,1,1066","1,274000,25,2466",,"25,22707,26,2943"
50232,5,2,32,40,914033,"5,828,1,1114","1,294000,25,2646",,"25,24926,26,3186"
50233,5,2,33,40,914034,"5,864,1,1164","1,316000,25,2844",,"25,27307,26,3429"
50234,5,2,34,40,914035,"5,903,1,1216","1,338000,25,3042",,"25,29866,26,3672"
50235,5,2,35,40,914036,"5,942,1,1269","1,360000,25,3240",,"25,32603,26,3915"
50236,5,2,36,40,914037,"5,983,1,1324","1,384000,25,3456",,"25,35519,26,4158"
50237,5,2,37,40,914038,"5,1025,1,1380","1,410000,25,3690",,"25,38629,26,4401"
50238,5,2,38,40,914039,"5,1068,1,1439","1,438000,25,3942",,"25,41950,26,4644"
50239,5,2,39,40,914040,"5,1113,1,1499","1,468000,25,4212",,"25,45497,26,4887"
50240,5,2,40,40,914041,"5,1159,1,1560",,"1,2000000,26,1800","25,49287,26,5130"
50340,5,3,40,60,914042,"5,1275,1,1717,4,104","1,530000,25,3180,26,159",,"25,49287,26,6750"
50341,5,3,41,60,914043,"5,1327,1,1787,4,108","1,622000,25,3701,26,190",,"25,51831,26,6877"
50342,5,3,42,60,914044,"5,1380,1,1859,4,112","1,660000,25,3894,26,205",,"25,54791,26,7029"
50343,5,3,43,60,914045,"5,1436,1,1933,4,117","1,702000,25,4107,26,222",,"25,57906,26,7193"
50344,5,3,44,60,914046,"5,1493,1,2010,4,121","1,746000,25,4327,26,239",,"25,61191,26,7370"
50345,5,3,45,60,914047,"5,1551,1,2089,4,126","1,792000,25,4554,26,258",,"25,64652,26,7561"
50346,5,3,46,60,914048,"5,1611,1,2170,4,131","1,842000,25,4800,26,278",,"25,68295,26,7767"
50347,5,3,47,60,914049,"5,1674,1,2254,4,136","1,894000,25,5052,26,300",,"25,72135,26,7989"
50348,5,3,48,60,914050,"5,1738,1,2340,4,141","1,948000,25,5309,26,323",,"25,76176,26,8229"
50349,5,3,49,60,914051,"5,1804,1,2429,4,147","1,1006000,25,5584,26,348",,"25,80423,26,8487"
50350,5,3,50,60,914052,"5,1871,1,2520,4,152","1,1066000,25,5863,26,374",,"25,84890,26,8765"
50351,5,3,51,60,914053,"5,1941,1,2614,4,158","1,1130000,25,6159,26,402",,"25,89580,26,9064"
50352,5,3,52,60,914054,"5,2013,1,2711,4,164","1,1196000,25,6459,26,431",,"25,94507,26,9385"
50353,5,3,53,60,914055,"5,2087,1,2811,4,170","1,1266000,25,6774,26,463",,"25,99674,26,9729"
50354,5,3,54,60,914056,"5,2163,1,2913,4,176","1,1340000,25,7102,26,496",,"25,105093,26,10099"
50355,5,3,55,60,914057,"5,2241,1,3018,4,183","1,1418000,25,7445,26,532",,"25,110774,26,10495"
50356,5,3,56,60,914058,"5,2322,1,3127,4,189","1,1502000,25,7811,26,571",,"25,116730,26,10920"
50357,5,3,57,60,914059,"5,2405,1,3238,4,196","1,1588000,25,8179,26,612",,"25,122978,26,11376"
50358,5,3,58,60,914060,"5,2490,1,3353,4,203","1,1678000,25,8558,26,655",,"25,129521,26,11865"
50359,5,3,59,60,914061,"5,2578,1,3472,4,210","1,1774000,25,8959,26,701",,"25,136367,26,12389"
50360,5,3,60,60,914062,"5,2668,1,3593,4,217",,"1,10000000,26,9000","25,143534,26,12949"
50460,5,4,60,80,914063,"5,2935,1,3952,4,239,12,400","1,1982000,25,9910,26,793",,"25,143534,26,20149"
50461,5,4,61,80,914064,"5,3037,1,4090,4,248,12,420","1,2302000,25,11395,26,933",,"25,150471,26,20704"
50462,5,4,62,80,914065,"5,3142,1,4231,4,256,12,440","1,2432000,25,11917,26,998",,"25,158447,26,21357"
50463,5,4,63,80,914066,"5,3250,1,4377,4,265,12,460","1,2568000,25,12455,26,1066",,"25,166788,26,22055"
50464,5,4,64,80,914067,"5,3361,1,4526,4,274,12,480","1,2710000,25,13008,26,1139",,"25,175506,26,22801"
50465,5,4,65,80,914068,"5,3476,1,4680,4,283,12,500","1,2860000,25,13585,26,1216",,"25,184611,26,23598"
50466,5,4,66,80,914069,"5,3593,1,4838,4,293,12,520","1,3018000,25,14185,26,1298",,"25,194120,26,24449"
50467,5,4,67,80,914070,"5,3714,1,5001,4,303,12,540","1,3182000,25,14797,26,1385",,"25,204049,26,25357"
50468,5,4,68,80,914071,"5,3838,1,5168,4,313,12,560","1,3356000,25,15438,26,1477",,"25,214406,26,26326"
50469,5,4,69,80,914072,"5,3965,1,5340,4,323,12,580","1,3540000,25,16107,26,1576",,"25,225212,26,27359"
50470,5,4,70,80,914073,"5,4097,1,5516,4,334,12,600","1,3732000,25,16794,26,1680",,"25,236486,26,28462"
50471,5,4,71,80,914074,"5,4231,1,5698,4,345,12,620","1,3934000,25,17507,26,1790",,"25,248241,26,29638"
50472,5,4,72,80,914075,"5,4370,1,5885,4,356,12,640","1,4146000,25,18243,26,1908",,"25,260495,26,30891"
50473,5,4,73,80,914076,"5,4512,1,6076,4,368,12,660","1,4368000,25,19001,26,2032",,"25,273265,26,32226"
50474,5,4,74,80,914077,"5,4659,1,6274,4,380,12,680","1,4602000,25,19789,26,2163",,"25,286565,26,33648"
50475,5,4,75,80,914078,"5,4809,1,6476,4,392,12,700","1,4846000,25,20596,26,2302",,"25,300417,26,35162"
50476,5,4,76,80,914079,"5,4964,1,6684,4,405,12,720","1,5104000,25,21437,26,2450",,"25,314834,26,36773"
50477,5,4,77,80,914080,"5,5123,1,6898,4,418,12,740","1,5376000,25,22311,26,2608",,"25,329839,26,38488"
50478,5,4,78,80,914081,"5,5286,1,7118,4,431,12,760","1,5660000,25,23206,26,2774",,"25,345456,26,40313"
50479,5,4,79,80,914082,"5,5454,1,7344,4,445,12,780","1,5958000,25,24130,26,2950",,"25,361700,26,42254"
50480,5,4,80,80,914083,"5,5626,1,7576,4,459,12,800",,,"25,378591,26,44319"
60101,6,1,1,20,915001,"1,490","1,5000,25,40",,
60102,6,1,2,20,915002,"1,549","1,7000,25,60",,"25,40"
60103,6,1,3,20,915003,"1,612","1,9000,25,80",,"25,100"
60104,6,1,4,20,915004,"1,675","1,14000,25,119",,"25,180"
60105,6,1,5,20,915005,"1,741","1,16000,25,139",,"25,299"
60106,6,1,6,20,915006,"1,812","1,20000,25,179",,"25,438"
60107,6,1,7,20,915007,"1,883","1,25000,25,218",,"25,617"
60108,6,1,8,20,915008,"1,957","1,29000,25,258",,"25,835"
60109,6,1,9,20,915009,"1,1034","1,33000,25,297",,"25,1093"
60110,6,1,10,20,915010,"1,1112","1,38000,25,337",,"25,1390"
60111,6,1,11,20,915011,"1,1195","1,42000,25,377",,"25,1727"
60112,6,1,12,20,915012,"1,1279","1,49000,25,436",,"25,2104"
60113,6,1,13,20,915013,"1,1367","1,55000,25,495",,"25,2540"
60114,6,1,14,20,915014,"1,1458","1,62000,25,555",,"25,3035"
60115,6,1,15,20,915015,"1,1552","1,69000,25,614",,"25,3590"
60116,6,1,16,20,915016,"1,1650","1,75000,25,674",,"25,4204"
60117,6,1,17,20,915017,"1,1750","1,82000,25,733",,"25,4878"
60118,6,1,18,20,915018,"1,1854","1,91000,25,812",,"25,5611"
60119,6,1,19,20,915019,"1,1960","1,99000,25,891",,"25,6423"
60120,6,1,20,20,915020,"1,2072",,"1,330000,26,297","25,7314"
60220,6,2,20,40,915021,"1,2278,4,124","1,119000,25,1070",,"25,7314,26,297"
60221,6,2,21,40,915022,"1,2404,4,131","1,141000,25,1268",,"25,8277,26,564"
60222,6,2,22,40,915023,"1,2535,4,138","1,154000,25,1386",,"25,9418,26,831"
60223,6,2,23,40,915024,"1,2669,4,145","1,168000,25,1505",,"25,10665,26,1098"
60224,6,2,24,40,915025,"1,2808,4,153","1,181000,25,1624",,"25,12019,26,1365"
60225,6,2,25,40,915026,"1,2949,4,161","1,196000,25,1763",,"25,13480,26,1632"
60226,6,2,26,40,915027,"1,3098,4,169","1,212000,25,1901",,"25,15066,26,1899"
60227,6,2,27,40,915028,"1,3250,4,177","1,227000,25,2040",,"25,16776,26,2166"
60228,6,2,28,40,915029,"1,3407,4,185","1,245000,25,2198",,"25,18612,26,2433"
60229,6,2,29,40,915030,"1,3569,4,194","1,262000,25,2357",,"25,20590,26,2700"
60230,6,2,30,40,915031,"1,3736,4,203","1,282000,25,2535",,"25,22711,26,2967"
60231,6,2,31,40,915032,"1,3909,4,213","1,302000,25,2713",,"25,24992,26,3234"
60232,6,2,32,40,915033,"1,4088,4,223","1,324000,25,2911",,"25,27433,26,3501"
60233,6,2,33,40,915034,"1,4270,4,233","1,348000,25,3129",,"25,30052,26,3768"
60234,6,2,34,40,915035,"1,4461,4,243","1,372000,25,3347",,"25,32868,26,4035"
60235,6,2,35,40,915036,"1,4655,4,254","1,396000,25,3564",,"25,35880,26,4302"
60236,6,2,36,40,915037,"1,4855,4,265","1,423000,25,3802",,"25,39087,26,4569"
60237,6,2,37,40,915038,"1,5063,4,276","1,451000,25,4059",,"25,42508,26,4836"
60238,6,2,38,40,915039,"1,5277,4,288","1,482000,25,4337",,"25,46161,26,5103"
60239,6,2,39,40,915040,"1,5497,4,300","1,515000,25,4634",,"25,50064,26,5370"
60240,6,2,40,40,915041,"1,5722,4,312",,"1,2200000,26,1980","25,54234,26,5637"
60340,6,3,40,60,915042,"1,6296,4,343,5,140","1,583000,25,3498,26,175",,"25,54234,26,7419"
60341,6,3,41,60,915043,"1,6553,4,357,5,146","1,685000,25,4071,26,209",,"25,57032,26,7559"
60342,6,3,42,60,915044,"1,6818,4,372,5,151","1,726000,25,4284,26,226",,"25,60288,26,7726"
60343,6,3,43,60,915045,"1,7090,4,387,5,157","1,773000,25,4518,26,244",,"25,63715,26,7906"
60344,6,3,44,60,915046,"1,7371,4,402,5,164","1,821000,25,4760,26,263",,"25,67329,26,8101"
60345,6,3,45,60,915047,"1,7662,4,418,5,170","1,872000,25,5010,26,284",,"25,71137,26,8311"
60346,6,3,46,60,915048,"1,7958,4,434,5,177","1,927000,25,5280,26,306",,"25,75145,26,8538"
60347,6,3,47,60,915049,"1,8266,4,451,5,184","1,984000,25,5557,26,330",,"25,79369,26,8782"
60348,6,3,48,60,915050,"1,8582,4,468,5,191","1,1043000,25,5840,26,355",,"25,83814,26,9046"
60349,6,3,49,60,915051,"1,8908,4,486,5,198","1,1107000,25,6142,26,382",,"25,88486,26,9330"
60350,6,3,50,60,915052,"1,9241,4,504,5,205","1,1173000,25,6450,26,411",,"25,93399,26,9635"
60351,6,3,51,60,915053,"1,9587,4,523,5,213","1,1243000,25,6775,26,442",,"25,98559,26,9963"
60352,6,3,52,60,915054,"1,9940,4,542,5,221","1,1316000,25,7105,26,474",,"25,103979,26,10316"
60353,6,3,53,60,915055,"1,10307,4,562,5,229","1,1393000,25,7451,26,509",,"25,109663,26,10695"
60354,6,3,54,60,915056,"1,10682,4,583,5,238","1,1474000,25,7813,26,546",,"25,115623,26,11102"
60355,6,3,55,60,915057,"1,11069,4,604,5,246","1,1560000,25,8189,26,585",,"25,121873,26,11538"
60356,6,3,56,60,915058,"1,11467,4,626,5,255","1,1653000,25,8592,26,628",,"25,128424,26,12006"
60357,6,3,57,60,915059,"1,11875,4,648,5,264","1,1747000,25,8997,26,673",,"25,135297,26,12508"
60358,6,3,58,60,915060,"1,12297,4,671,5,273","1,1846000,25,9414,26,720",,"25,142494,26,13046"
60359,6,3,59,60,915061,"1,12731,4,695,5,283","1,1952000,25,9855,26,771",,"25,150025,26,13622"
60360,6,3,60,60,915062,"1,13176,4,719,5,293",,"1,11000000,26,9900","25,157909,26,14238"
60460,6,4,60,80,915063,"1,14493,4,791,5,322,14,400","1,2181000,25,10901,26,873",,"25,157909,26,22158"
60461,6,4,61,80,915064,"1,14998,4,818,5,334,14,420","1,2533000,25,12535,26,1026",,"25,165539,26,22769"
60462,6,4,62,80,915065,"1,15516,4,847,5,345,14,440","1,2676000,25,13109,26,1097",,"25,174313,26,23487"
60463,6,4,63,80,915066,"1,16050,4,876,5,357,14,460","1,2825000,25,13701,26,1173",,"25,183489,26,24254"
60464,6,4,64,80,915067,"1,16597,4,906,5,369,14,480","1,2981000,25,14309,26,1253",,"25,193079,26,25075"
60465,6,4,65,80,915068,"1,17162,4,936,5,382,14,500","1,3146000,25,14944,26,1338",,"25,203095,26,25952"
60466,6,4,66,80,915069,"1,17741,4,968,5,395,14,520","1,3320000,25,15604,26,1428",,"25,213555,26,26888"
60467,6,4,67,80,915070,"1,18338,4,1001,5,408,14,540","1,3501000,25,16276,26,1523",,"25,224477,26,27887"
60468,6,4,68,80,915071,"1,18950,4,1034,5,422,14,560","1,3692000,25,16982,26,1625",,"25,235870,26,28953"
60469,6,4,69,80,915072,"1,19580,4,1068,5,436,14,580","1,3894000,25,17718,26,1733",,"25,247757,26,30090"
60470,6,4,70,80,915073,"1,20228,4,1104,5,450,14,600","1,4106000,25,18474,26,1848",,"25,260159,26,31303"
60471,6,4,71,80,915074,"1,20893,4,1140,5,465,14,620","1,4328000,25,19257,26,1969",,"25,273090,26,32596"
60472,6,4,72,80,915075,"1,21578,4,1178,5,480,14,640","1,4561000,25,20067,26,2098",,"25,286569,26,33974"
60473,6,4,73,80,915076,"1,22281,4,1216,5,496,14,660","1,4805000,25,20901,26,2235",,"25,300615,26,35442"
60474,6,4,74,80,915077,"1,23005,4,1255,5,512,14,680","1,5063000,25,21768,26,2380",,"25,315245,26,37006"
60475,6,4,75,80,915078,"1,23747,4,1296,5,529,14,700","1,5331000,25,22656,26,2533",,"25,330482,26,38672"
60476,6,4,76,80,915079,"1,24510,4,1338,5,546,14,720","1,5615000,25,23581,26,2695",,"25,346341,26,40445"
60477,6,4,77,80,915080,"1,25296,4,1380,5,563,14,740","1,5914000,25,24542,26,2869",,"25,362847,26,42331"
60478,6,4,78,80,915081,"1,26100,4,1424,5,581,14,760","1,6226000,25,25527,26,3051",,"25,380026,26,44339"
60479,6,4,79,80,915082,"1,26928,4,1470,5,599,14,780","1,6554000,25,26543,26,3245",,"25,397894,26,46474"
60480,6,4,80,80,915083,"1,27780,4,1516,5,618,14,800",,,"25,416474,26,48745"
70101,7,1,1,20,916001,"4,89","1,5000,25,40",,
70102,7,1,2,20,916002,"4,100","1,7000,25,60",,"25,40"
70103,7,1,3,20,916003,"4,111","1,9000,25,80",,"25,100"
70104,7,1,4,20,916004,"4,122","1,14000,25,119",,"25,180"
70105,7,1,5,20,916005,"4,134","1,16000,25,139",,"25,299"
70106,7,1,6,20,916006,"4,147","1,20000,25,179",,"25,438"
70107,7,1,7,20,916007,"4,160","1,25000,25,218",,"25,617"
70108,7,1,8,20,916008,"4,174","1,29000,25,258",,"25,835"
70109,7,1,9,20,916009,"4,188","1,33000,25,297",,"25,1093"
70110,7,1,10,20,916010,"4,202","1,38000,25,337",,"25,1390"
70111,7,1,11,20,916011,"4,217","1,42000,25,377",,"25,1727"
70112,7,1,12,20,916012,"4,232","1,49000,25,436",,"25,2104"
70113,7,1,13,20,916013,"4,248","1,55000,25,495",,"25,2540"
70114,7,1,14,20,916014,"4,265","1,62000,25,555",,"25,3035"
70115,7,1,15,20,916015,"4,282","1,69000,25,614",,"25,3590"
70116,7,1,16,20,916016,"4,300","1,75000,25,674",,"25,4204"
70117,7,1,17,20,916017,"4,318","1,82000,25,733",,"25,4878"
70118,7,1,18,20,916018,"4,337","1,91000,25,812",,"25,5611"
70119,7,1,19,20,916019,"4,356","1,99000,25,891",,"25,6423"
70120,7,1,20,20,916020,"4,377",,"1,330000,26,297","25,7314"
70220,7,2,20,40,916021,"4,414,1,683","1,119000,25,1070",,"25,7314,26,297"
70221,7,2,21,40,916022,"4,437,1,721","1,141000,25,1268",,"25,8277,26,564"
70222,7,2,22,40,916023,"4,461,1,760","1,154000,25,1386",,"25,9418,26,831"
70223,7,2,23,40,916024,"4,485,1,800","1,168000,25,1505",,"25,10665,26,1098"
70224,7,2,24,40,916025,"4,511,1,842","1,181000,25,1624",,"25,12019,26,1365"
70225,7,2,25,40,916026,"4,536,1,884","1,196000,25,1763",,"25,13480,26,1632"
70226,7,2,26,40,916027,"4,563,1,929","1,212000,25,1901",,"25,15066,26,1899"
70227,7,2,27,40,916028,"4,591,1,975","1,227000,25,2040",,"25,16776,26,2166"
70228,7,2,28,40,916029,"4,619,1,1022","1,245000,25,2198",,"25,18612,26,2433"
70229,7,2,29,40,916030,"4,649,1,1070","1,262000,25,2357",,"25,20590,26,2700"
70230,7,2,30,40,916031,"4,680,1,1121","1,282000,25,2535",,"25,22711,26,2967"
70231,7,2,31,40,916032,"4,711,1,1172","1,302000,25,2713",,"25,24992,26,3234"
70232,7,2,32,40,916033,"4,743,1,1226","1,324000,25,2911",,"25,27433,26,3501"
70233,7,2,33,40,916034,"4,777,1,1281","1,348000,25,3129",,"25,30052,26,3768"
70234,7,2,34,40,916035,"4,811,1,1338","1,372000,25,3347",,"25,32868,26,4035"
70235,7,2,35,40,916036,"4,847,1,1396","1,396000,25,3564",,"25,35880,26,4302"
70236,7,2,36,40,916037,"4,883,1,1456","1,423000,25,3802",,"25,39087,26,4569"
70237,7,2,37,40,916038,"4,921,1,1519","1,451000,25,4059",,"25,42508,26,4836"
70238,7,2,38,40,916039,"4,960,1,1583","1,482000,25,4337",,"25,46161,26,5103"
70239,7,2,39,40,916040,"4,1000,1,1649","1,515000,25,4634",,"25,50064,26,5370"
70240,7,2,40,40,916041,"4,1041,1,1716",,"1,2200000,26,1980","25,54234,26,5637"
70340,7,3,40,60,916042,"4,1145,1,1888,5,140","1,583000,25,3498,26,175",,"25,54234,26,7419"
70341,7,3,41,60,916043,"4,1192,1,1965,5,146","1,685000,25,4071,26,209",,"25,57032,26,7559"
70342,7,3,42,60,916044,"4,1240,1,2045,5,151","1,726000,25,4284,26,226",,"25,60288,26,7726"
70343,7,3,43,60,916045,"4,1290,1,2127,5,157","1,773000,25,4518,26,244",,"25,63715,26,7906"
70344,7,3,44,60,916046,"4,1341,1,2211,5,164","1,821000,25,4760,26,263",,"25,67329,26,8101"
70345,7,3,45,60,916047,"4,1394,1,2298,5,170","1,872000,25,5010,26,284",,"25,71137,26,8311"
70346,7,3,46,60,916048,"4,1448,1,2387,5,177","1,927000,25,5280,26,306",,"25,75145,26,8538"
70347,7,3,47,60,916049,"4,1504,1,2479,5,184","1,984000,25,5557,26,330",,"25,79369,26,8782"
70348,7,3,48,60,916050,"4,1561,1,2574,5,191","1,1043000,25,5840,26,355",,"25,83814,26,9046"
70349,7,3,49,60,916051,"4,1621,1,2672,5,198","1,1107000,25,6142,26,382",,"25,88486,26,9330"
70350,7,3,50,60,916052,"4,1681,1,2772,5,205","1,1173000,25,6450,26,411",,"25,93399,26,9635"
70351,7,3,51,60,916053,"4,1744,1,2876,5,213","1,1243000,25,6775,26,442",,"25,98559,26,9963"
70352,7,3,52,60,916054,"4,1808,1,2982,5,221","1,1316000,25,7105,26,474",,"25,103979,26,10316"
70353,7,3,53,60,916055,"4,1875,1,3092,5,229","1,1393000,25,7451,26,509",,"25,109663,26,10695"
70354,7,3,54,60,916056,"4,1943,1,3204,5,238","1,1474000,25,7813,26,546",,"25,115623,26,11102"
70355,7,3,55,60,916057,"4,2014,1,3320,5,246","1,1560000,25,8189,26,585",,"25,121873,26,11538"
70356,7,3,56,60,916058,"4,2086,1,3440,5,255","1,1653000,25,8592,26,628",,"25,128424,26,12006"
70357,7,3,57,60,916059,"4,2161,1,3562,5,264","1,1747000,25,8997,26,673",,"25,135297,26,12508"
70358,7,3,58,60,916060,"4,2237,1,3689,5,273","1,1846000,25,9414,26,720",,"25,142494,26,13046"
70359,7,3,59,60,916061,"4,2316,1,3819,5,283","1,1952000,25,9855,26,771",,"25,150025,26,13622"
70360,7,3,60,60,916062,"4,2397,1,3953,5,293",,"1,11000000,26,9900","25,157909,26,14238"
70460,7,4,60,80,916063,"4,2637,1,4348,5,322,15,400","1,2181000,25,10901,26,873",,"25,157909,26,22158"
70461,7,4,61,80,916064,"4,2729,1,4499,5,334,15,420","1,2533000,25,12535,26,1026",,"25,165539,26,22769"
70462,7,4,62,80,916065,"4,2823,1,4654,5,345,15,440","1,2676000,25,13109,26,1097",,"25,174313,26,23487"
70463,7,4,63,80,916066,"4,2920,1,4815,5,357,15,460","1,2825000,25,13701,26,1173",,"25,183489,26,24254"
70464,7,4,64,80,916067,"4,3020,1,4979,5,369,15,480","1,2981000,25,14309,26,1253",,"25,193079,26,25075"
70465,7,4,65,80,916068,"4,3123,1,5148,5,382,15,500","1,3146000,25,14944,26,1338",,"25,203095,26,25952"
70466,7,4,66,80,916069,"4,3228,1,5322,5,395,15,520","1,3320000,25,15604,26,1428",,"25,213555,26,26888"
70467,7,4,67,80,916070,"4,3337,1,5501,5,408,15,540","1,3501000,25,16276,26,1523",,"25,224477,26,27887"
70468,7,4,68,80,916071,"4,3448,1,5685,5,422,15,560","1,3692000,25,16982,26,1625",,"25,235870,26,28953"
70469,7,4,69,80,916072,"4,3563,1,5874,5,436,15,580","1,3894000,25,17718,26,1733",,"25,247757,26,30090"
70470,7,4,70,80,916073,"4,3681,1,6068,5,450,15,600","1,4106000,25,18474,26,1848",,"25,260159,26,31303"
70471,7,4,71,80,916074,"4,3802,1,6268,5,465,15,620","1,4328000,25,19257,26,1969",,"25,273090,26,32596"
70472,7,4,72,80,916075,"4,3926,1,6473,5,480,15,640","1,4561000,25,20067,26,2098",,"25,286569,26,33974"
70473,7,4,73,80,916076,"4,4054,1,6684,5,496,15,660","1,4805000,25,20901,26,2235",,"25,300615,26,35442"
70474,7,4,74,80,916077,"4,4186,1,6901,5,512,15,680","1,5063000,25,21768,26,2380",,"25,315245,26,37006"
70475,7,4,75,80,916078,"4,4321,1,7124,5,529,15,700","1,5331000,25,22656,26,2533",,"25,330482,26,38672"
70476,7,4,76,80,916079,"4,4460,1,7353,5,546,15,720","1,5615000,25,23581,26,2695",,"25,346341,26,40445"
70477,7,4,77,80,916080,"4,4603,1,7588,5,563,15,740","1,5914000,25,24542,26,2869",,"25,362847,26,42331"
70478,7,4,78,80,916081,"4,4749,1,7830,5,581,15,760","1,6226000,25,25527,26,3051",,"25,380026,26,44339"
70479,7,4,79,80,916082,"4,4900,1,8078,5,599,15,780","1,6554000,25,26543,26,3245",,"25,397894,26,46474"
70480,7,4,80,80,916083,"4,5055,1,8334,5,618,15,800",,,"25,416474,26,48745"
80101,8,1,1,20,917001,"1,535","1,5000,25,44",,
80102,8,1,2,20,917002,"1,599","1,8000,25,65",,"25,44"
80103,8,1,3,20,917003,"1,668","1,10000,25,87",,"25,109"
80104,8,1,4,20,917004,"1,736","1,15000,25,130",,"25,196"
80105,8,1,5,20,917005,"1,809","1,17000,25,152",,"25,326"
80106,8,1,6,20,917006,"1,886","1,22000,25,195",,"25,478"
80107,8,1,7,20,917007,"1,963","1,27000,25,238",,"25,673"
80108,8,1,8,20,917008,"1,1044","1,32000,25,281",,"25,911"
80109,8,1,9,20,917009,"1,1128","1,36000,25,324",,"25,1192"
80110,8,1,10,20,917010,"1,1213","1,41000,25,368",,"25,1516"
80111,8,1,11,20,917011,"1,1303","1,46000,25,411",,"25,1884"
80112,8,1,12,20,917012,"1,1395","1,53000,25,476",,"25,2295"
80113,8,1,13,20,917013,"1,1492","1,60000,25,540",,"25,2771"
80114,8,1,14,20,917014,"1,1590","1,68000,25,605",,"25,3311"
80115,8,1,15,20,917015,"1,1693","1,75000,25,670",,"25,3916"
80116,8,1,16,20,917016,"1,1800","1,82000,25,735",,"25,4586"
80117,8,1,17,20,917017,"1,1909","1,89000,25,800",,"25,5321"
80118,8,1,18,20,917018,"1,2023","1,99000,25,886",,"25,6121"
80119,8,1,19,20,917019,"1,2138","1,108000,25,972",,"25,7007"
80120,8,1,20,20,917020,"1,2260",,"1,360000,26,324","25,7979"
80220,8,2,20,40,917021,"1,2485,4,135","1,130000,25,1167",,"25,7979,26,324"
80221,8,2,21,40,917022,"1,2622,4,143","1,154000,25,1383",,"25,9029,26,615"
80222,8,2,22,40,917023,"1,2766,4,151","1,168000,25,1512",,"25,10273,26,906"
80223,8,2,23,40,917024,"1,2911,4,158","1,183000,25,1642",,"25,11633,26,1197"
80224,8,2,24,40,917025,"1,3063,4,167","1,197000,25,1772",,"25,13110,26,1488"
80225,8,2,25,40,917026,"1,3217,4,175","1,214000,25,1923",,"25,14704,26,1779"
80226,8,2,26,40,917027,"1,3380,4,184","1,231000,25,2074",,"25,16434,26,2070"
80227,8,2,27,40,917028,"1,3545,4,193","1,248000,25,2225",,"25,18300,26,2361"
80228,8,2,28,40,917029,"1,3716,4,202","1,267000,25,2398",,"25,20302,26,2652"
80229,8,2,29,40,917030,"1,3894,4,212","1,286000,25,2571",,"25,22460,26,2943"
80230,8,2,30,40,917031,"1,4076,4,222","1,308000,25,2765",,"25,24773,26,3234"
80231,8,2,31,40,917032,"1,4264,4,232","1,329000,25,2960",,"25,27261,26,3525"
80232,8,2,32,40,917033,"1,4459,4,243","1,353000,25,3176",,"25,29925,26,3816"
80233,8,2,33,40,917034,"1,4658,4,254","1,380000,25,3413",,"25,32783,26,4107"
80234,8,2,34,40,917035,"1,4866,4,265","1,406000,25,3651",,"25,35854,26,4398"
80235,8,2,35,40,917036,"1,5078,4,277","1,432000,25,3888",,"25,39139,26,4689"
80236,8,2,36,40,917037,"1,5296,4,289","1,461000,25,4148",,"25,42638,26,4980"
80237,8,2,37,40,917038,"1,5523,4,301","1,492000,25,4428",,"25,46371,26,5271"
80238,8,2,38,40,917039,"1,5757,4,314","1,526000,25,4731",,"25,50356,26,5562"
80239,8,2,39,40,917040,"1,5997,4,327","1,562000,25,5055",,"25,54613,26,5853"
80240,8,2,40,40,917041,"1,6243,4,340",,"1,2400000,26,2160","25,59162,26,6144"
80340,8,3,40,60,917042,"1,6868,4,374,5,153","1,636000,25,3816,26,191",,"25,59162,26,8088"
80341,8,3,41,60,917043,"1,7148,4,390,5,159","1,747000,25,4442,26,228",,"25,62214,26,8240"
80342,8,3,42,60,917044,"1,7437,4,406,5,165","1,792000,25,4673,26,246",,"25,65767,26,8422"
80343,8,3,43,60,917045,"1,7735,4,422,5,172","1,843000,25,4929,26,266",,"25,69505,26,8618"
80344,8,3,44,60,917046,"1,8041,4,439,5,179","1,896000,25,5193,26,287",,"25,73448,26,8830"
80345,8,3,45,60,917047,"1,8358,4,456,5,186","1,951000,25,5465,26,309",,"25,77602,26,9059"
80346,8,3,46,60,917048,"1,8681,4,473,5,193","1,1011000,25,5760,26,334",,"25,81974,26,9306"
80347,8,3,47,60,917049,"1,9018,4,492,5,200","1,1073000,25,6062,26,360",,"25,86582,26,9573"
80348,8,3,48,60,917050,"1,9362,4,511,5,208","1,1138000,25,6371,26,387",,"25,91431,26,9861"
80349,8,3,49,60,917051,"1,9718,4,530,5,216","1,1208000,25,6700,26,417",,"25,96527,26,10170"
80350,8,3,50,60,917052,"1,10082,4,550,5,224","1,1280000,25,7036,26,448",,"25,101887,26,10503"
80351,8,3,51,60,917053,"1,10458,4,570,5,233","1,1356000,25,7391,26,482",,"25,107515,26,10861"
80352,8,3,52,60,917054,"1,10844,4,592,5,241","1,1436000,25,7751,26,517",,"25,113427,26,11246"
80353,8,3,53,60,917055,"1,11244,4,613,5,250","1,1520000,25,8128,26,555",,"25,119627,26,11659"
80354,8,3,54,60,917056,"1,11653,4,636,5,259","1,1608000,25,8523,26,595",,"25,126129,26,12103"
80355,8,3,55,60,917057,"1,12075,4,659,5,269","1,1702000,25,8934,26,639",,"25,132947,26,12579"
80356,8,3,56,60,917058,"1,12510,4,682,5,278","1,1803000,25,9373,26,685",,"25,140094,26,13090"
80357,8,3,57,60,917059,"1,12955,4,707,5,288","1,1906000,25,9814,26,734",,"25,147592,26,13638"
80358,8,3,58,60,917060,"1,13415,4,732,5,298","1,2014000,25,10270,26,786",,"25,155443,26,14225"
80359,8,3,59,60,917061,"1,13888,4,758,5,309","1,2129000,25,10751,26,841",,"25,163659,26,14853"
80360,8,3,60,60,917062,"1,14374,4,784,5,320",,"1,12000000,26,10800","25,172259,26,15525"
80460,8,4,60,80,917063,"1,15811,4,863,5,352,20,600","1,2379000,25,11892,26,952",,"25,172259,26,24165"
80461,8,4,61,80,917064,"1,16361,4,893,5,364,20,630","1,2763000,25,13674,26,1119",,"25,180583,26,24831"
80462,8,4,62,80,917065,"1,16926,4,924,5,377,20,660","1,2919000,25,14301,26,1197",,"25,190154,26,25614"
80463,8,4,63,80,917066,"1,17509,4,955,5,390,20,690","1,3082000,25,14946,26,1279",,"25,200164,26,26451"
80464,8,4,64,80,917067,"1,18106,4,988,5,403,20,720","1,3252000,25,15610,26,1366",,"25,210626,26,27346"
80465,8,4,65,80,917068,"1,18723,4,1022,5,417,20,750","1,3432000,25,16302,26,1459",,"25,221553,26,28302"
80466,8,4,66,80,917069,"1,19354,4,1056,5,431,20,780","1,3622000,25,17022,26,1558",,"25,232964,26,29323"
80467,8,4,67,80,917070,"1,20005,4,1092,5,445,20,810","1,3819000,25,17756,26,1662",,"25,244879,26,30413"
80468,8,4,68,80,917071,"1,20673,4,1128,5,460,20,840","1,4028000,25,18526,26,1772",,"25,257308,26,31576"
80469,8,4,69,80,917072,"1,21361,4,1166,5,475,20,870","1,4248000,25,19329,26,1891",,"25,270276,26,32816"
80470,8,4,70,80,917073,"1,22067,4,1204,5,491,20,900","1,4479000,25,20153,26,2016",,"25,283806,26,34139"
80471,8,4,71,80,917074,"1,22793,4,1244,5,507,20,930","1,4721000,25,21008,26,2148",,"25,297913,26,35550"
80472,8,4,72,80,917075,"1,23540,4,1285,5,524,20,960","1,4976000,25,21891,26,2289",,"25,312618,26,37053"
80473,8,4,73,80,917076,"1,24307,4,1326,5,541,20,990","1,5242000,25,22801,26,2438",,"25,327941,26,38655"
80474,8,4,74,80,917077,"1,25097,4,1370,5,559,20,1020","1,5523000,25,23747,26,2596",,"25,343901,26,40361"
80475,8,4,75,80,917078,"1,25906,4,1414,5,577,20,1050","1,5816000,25,24715,26,2763",,"25,360523,26,42178"
80476,8,4,76,80,917079,"1,26739,4,1459,5,595,20,1080","1,6125000,25,25725,26,2940",,"25,377823,26,44112"
80477,8,4,77,80,917080,"1,27595,4,1506,5,614,20,1110","1,6452000,25,26773,26,3129",,"25,395830,26,46170"
80478,8,4,78,80,917081,"1,28473,4,1554,5,634,20,1140","1,6792000,25,27848,26,3329",,"25,414571,26,48360"
80479,8,4,79,80,917082,"1,29377,4,1603,5,654,20,1170","1,7150000,25,28956,26,3540",,"25,434064,26,50690"
80480,8,4,80,80,917083,"1,30306,4,1654,5,675,20,1200",,,"25,454333,26,53168"
90101,9,1,1,20,918001,"4,97","1,5000,25,44",,
90102,9,1,2,20,918002,"4,109","1,8000,25,65",,"25,44"
90103,9,1,3,20,918003,"4,121","1,10000,25,87",,"25,109"
90104,9,1,4,20,918004,"4,134","1,15000,25,130",,"25,196"
90105,9,1,5,20,918005,"4,147","1,17000,25,152",,"25,326"
90106,9,1,6,20,918006,"4,161","1,22000,25,195",,"25,478"
90107,9,1,7,20,918007,"4,175","1,27000,25,238",,"25,673"
90108,9,1,8,20,918008,"4,190","1,32000,25,281",,"25,911"
90109,9,1,9,20,918009,"4,205","1,36000,25,324",,"25,1192"
90110,9,1,10,20,918010,"4,220","1,41000,25,368",,"25,1516"
90111,9,1,11,20,918011,"4,237","1,46000,25,411",,"25,1884"
90112,9,1,12,20,918012,"4,254","1,53000,25,476",,"25,2295"
90113,9,1,13,20,918013,"4,271","1,60000,25,540",,"25,2771"
90114,9,1,14,20,918014,"4,289","1,68000,25,605",,"25,3311"
90115,9,1,15,20,918015,"4,308","1,75000,25,670",,"25,3916"
90116,9,1,16,20,918016,"4,327","1,82000,25,735",,"25,4586"
90117,9,1,17,20,918017,"4,347","1,89000,25,800",,"25,5321"
90118,9,1,18,20,918018,"4,368","1,99000,25,886",,"25,6121"
90119,9,1,19,20,918019,"4,389","1,108000,25,972",,"25,7007"
90120,9,1,20,20,918020,"4,411",,"1,360000,26,324","25,7979"
90220,9,2,20,40,918021,"4,452,5,166","1,130000,25,1167",,"25,7979,26,324"
90221,9,2,21,40,918022,"4,477,5,175","1,154000,25,1383",,"25,9029,26,615"
90222,9,2,22,40,918023,"4,503,5,184","1,168000,25,1512",,"25,10273,26,906"
90223,9,2,23,40,918024,"4,529,5,194","1,183000,25,1642",,"25,11633,26,1197"
90224,9,2,24,40,918025,"4,557,5,204","1,197000,25,1772",,"25,13110,26,1488"
90225,9,2,25,40,918026,"4,585,5,215","1,214000,25,1923",,"25,14704,26,1779"
90226,9,2,26,40,918027,"4,615,5,225","1,231000,25,2074",,"25,16434,26,2070"
90227,9,2,27,40,918028,"4,645,5,236","1,248000,25,2225",,"25,18300,26,2361"
90228,9,2,28,40,918029,"4,676,5,248","1,267000,25,2398",,"25,20302,26,2652"
90229,9,2,29,40,918030,"4,708,5,260","1,286000,25,2571",,"25,22460,26,2943"
90230,9,2,30,40,918031,"4,741,5,272","1,308000,25,2765",,"25,24773,26,3234"
90231,9,2,31,40,918032,"4,776,5,285","1,329000,25,2960",,"25,27261,26,3525"
90232,9,2,32,40,918033,"4,811,5,298","1,353000,25,3176",,"25,29925,26,3816"
90233,9,2,33,40,918034,"4,847,5,311","1,380000,25,3413",,"25,32783,26,4107"
90234,9,2,34,40,918035,"4,885,5,325","1,406000,25,3651",,"25,35854,26,4398"
90235,9,2,35,40,918036,"4,924,5,339","1,432000,25,3888",,"25,39139,26,4689"
90236,9,2,36,40,918037,"4,963,5,354","1,461000,25,4148",,"25,42638,26,4980"
90237,9,2,37,40,918038,"4,1005,5,369","1,492000,25,4428",,"25,46371,26,5271"
90238,9,2,38,40,918039,"4,1047,5,384","1,526000,25,4731",,"25,50356,26,5562"
90239,9,2,39,40,918040,"4,1091,5,400","1,562000,25,5055",,"25,54613,26,5853"
90240,9,2,40,40,918041,"4,1136,5,417",,"1,2400000,26,2160","25,59162,26,6144"
90340,9,3,40,60,918042,"4,1249,5,459,1,686","1,636000,25,3816,26,191",,"25,59162,26,8088"
90341,9,3,41,60,918043,"4,1300,5,477,1,714","1,747000,25,4442,26,228",,"25,62214,26,8240"
90342,9,3,42,60,918044,"4,1353,5,497,1,743","1,792000,25,4673,26,246",,"25,65767,26,8422"
90343,9,3,43,60,918045,"4,1407,5,517,1,773","1,843000,25,4929,26,266",,"25,69505,26,8618"
90344,9,3,44,60,918046,"4,1463,5,537,1,804","1,896000,25,5193,26,287",,"25,73448,26,8830"
90345,9,3,45,60,918047,"4,1521,5,558,1,835","1,951000,25,5465,26,309",,"25,77602,26,9059"
90346,9,3,46,60,918048,"4,1579,5,580,1,868","1,1011000,25,5760,26,334",,"25,81974,26,9306"
90347,9,3,47,60,918049,"4,1641,5,602,1,901","1,1073000,25,6062,26,360",,"25,86582,26,9573"
90348,9,3,48,60,918050,"4,1703,5,625,1,936","1,1138000,25,6371,26,387",,"25,91431,26,9861"
90349,9,3,49,60,918051,"4,1768,5,649,1,971","1,1208000,25,6700,26,417",,"25,96527,26,10170"
90350,9,3,50,60,918052,"4,1834,5,673,1,1008","1,1280000,25,7036,26,448",,"25,101887,26,10503"
90351,9,3,51,60,918053,"4,1903,5,699,1,1045","1,1356000,25,7391,26,482",,"25,107515,26,10861"
90352,9,3,52,60,918054,"4,1973,5,724,1,1084","1,1436000,25,7751,26,517",,"25,113427,26,11246"
90353,9,3,53,60,918055,"4,2046,5,751,1,1124","1,1520000,25,8128,26,555",,"25,119627,26,11659"
90354,9,3,54,60,918056,"4,2120,5,778,1,1165","1,1608000,25,8523,26,595",,"25,126129,26,12103"
90355,9,3,55,60,918057,"4,2197,5,807,1,1207","1,1702000,25,8934,26,639",,"25,132947,26,12579"
90356,9,3,56,60,918058,"4,2276,5,836,1,1251","1,1803000,25,9373,26,685",,"25,140094,26,13090"
90357,9,3,57,60,918059,"4,2357,5,865,1,1295","1,1906000,25,9814,26,734",,"25,147592,26,13638"
90358,9,3,58,60,918060,"4,2441,5,896,1,1341","1,2014000,25,10270,26,786",,"25,155443,26,14225"
90359,9,3,59,60,918061,"4,2527,5,928,1,1388","1,2129000,25,10751,26,841",,"25,163659,26,14853"
90360,9,3,60,60,918062,"4,2615,5,960,1,1437",,"1,12000000,26,10800","25,172259,26,15525"
90460,9,4,60,80,918063,"4,2877,5,1056,1,1581,32,600","1,2379000,25,11892,26,952",,"25,172259,26,24165"
90461,9,4,61,80,918064,"4,2977,5,1093,1,1636,32,630","1,2763000,25,13674,26,1119",,"25,180583,26,24831"
90462,9,4,62,80,918065,"4,3080,5,1131,1,1692,32,660","1,2919000,25,14301,26,1197",,"25,190154,26,25614"
90463,9,4,63,80,918066,"4,3186,5,1170,1,1750,32,690","1,3082000,25,14946,26,1279",,"25,200164,26,26451"
90464,9,4,64,80,918067,"4,3294,5,1210,1,1810,32,720","1,3252000,25,15610,26,1366",,"25,210626,26,27346"
90465,9,4,65,80,918068,"4,3407,5,1251,1,1872,32,750","1,3432000,25,16302,26,1459",,"25,221553,26,28302"
90466,9,4,66,80,918069,"4,3522,5,1293,1,1935,32,780","1,3622000,25,17022,26,1558",,"25,232964,26,29323"
90467,9,4,67,80,918070,"4,3640,5,1337,1,2000,32,810","1,3819000,25,17756,26,1662",,"25,244879,26,30413"
90468,9,4,68,80,918071,"4,3762,5,1381,1,2067,32,840","1,4028000,25,18526,26,1772",,"25,257308,26,31576"
90469,9,4,69,80,918072,"4,3887,5,1427,1,2136,32,870","1,4248000,25,19329,26,1891",,"25,270276,26,32816"
90470,9,4,70,80,918073,"4,4015,5,1474,1,2206,32,900","1,4479000,25,20153,26,2016",,"25,283806,26,34139"
90471,9,4,71,80,918074,"4,4147,5,1523,1,2279,32,930","1,4721000,25,21008,26,2148",,"25,297913,26,35550"
90472,9,4,72,80,918075,"4,4283,5,1573,1,2354,32,960","1,4976000,25,21891,26,2289",,"25,312618,26,37053"
90473,9,4,73,80,918076,"4,4423,5,1624,1,2430,32,990","1,5242000,25,22801,26,2438",,"25,327941,26,38655"
90474,9,4,74,80,918077,"4,4567,5,1677,1,2509,32,1020","1,5523000,25,23747,26,2596",,"25,343901,26,40361"
90475,9,4,75,80,918078,"4,4714,5,1731,1,2590,32,1050","1,5816000,25,24715,26,2763",,"25,360523,26,42178"
90476,9,4,76,80,918079,"4,4865,5,1787,1,2673,32,1080","1,6125000,25,25725,26,2940",,"25,377823,26,44112"
90477,9,4,77,80,918080,"4,5021,5,1844,1,2759,32,1110","1,6452000,25,26773,26,3129",,"25,395830,26,46170"
90478,9,4,78,80,918081,"4,5181,5,1903,1,2847,32,1140","1,6792000,25,27848,26,3329",,"25,414571,26,48360"
90479,9,4,79,80,918082,"4,5345,5,1963,1,2937,32,1170","1,7150000,25,28956,26,3540",,"25,434064,26,50690"
90480,9,4,80,80,918083,"4,5514,5,2025,1,3030,32,1200",,,"25,454333,26,53168"
100101,10,1,1,20,919001,"4,105","1,6000,25,47",,
100102,10,1,2,20,919002,"4,118","1,8000,25,71",,"25,47"
100103,10,1,3,20,919003,"4,131","1,11000,25,94",,"25,118"
100104,10,1,4,20,919004,"4,145","1,16000,25,141",,"25,212"
100105,10,1,5,20,919005,"4,159","1,19000,25,164",,"25,353"
100106,10,1,6,20,919006,"4,174","1,24000,25,211",,"25,517"
100107,10,1,7,20,919007,"4,189","1,29000,25,258",,"25,728"
100108,10,1,8,20,919008,"4,205","1,34000,25,305",,"25,986"
100109,10,1,9,20,919009,"4,222","1,39000,25,351",,"25,1291"
100110,10,1,10,20,919010,"4,239","1,45000,25,398",,"25,1642"
100111,10,1,11,20,919011,"4,257","1,50000,25,445",,"25,2040"
100112,10,1,12,20,919012,"4,275","1,58000,25,515",,"25,2485"
100113,10,1,13,20,919013,"4,294","1,65000,25,585",,"25,3000"
100114,10,1,14,20,919014,"4,313","1,73000,25,656",,"25,3585"
100115,10,1,15,20,919015,"4,333","1,81000,25,726",,"25,4241"
100116,10,1,16,20,919016,"4,354","1,89000,25,796",,"25,4967"
100117,10,1,17,20,919017,"4,376","1,97000,25,866",,"25,5763"
100118,10,1,18,20,919018,"4,398","1,107000,25,960",,"25,6629"
100119,10,1,19,20,919019,"4,421","1,117000,25,1053",,"25,7589"
100120,10,1,20,20,919020,"4,445",,"1,390000,26,351","25,8642"
100220,10,2,20,40,919021,"4,490,1,807","1,141000,25,1264",,"25,8642,26,351"
100221,10,2,21,40,919022,"4,517,1,852","1,167000,25,1498",,"25,9779,26,666"
100222,10,2,22,40,919023,"4,545,1,899","1,182000,25,1638",,"25,11127,26,981"
100223,10,2,23,40,919024,"4,574,1,946","1,198000,25,1779",,"25,12601,26,1296"
100224,10,2,24,40,919025,"4,603,1,995","1,214000,25,1919",,"25,14202,26,1611"
100225,10,2,25,40,919026,"4,634,1,1045","1,232000,25,2083",,"25,15929,26,1926"
100226,10,2,26,40,919027,"4,666,1,1098","1,250000,25,2247",,"25,17803,26,2241"
100227,10,2,27,40,919028,"4,698,1,1152","1,268000,25,2411",,"25,19825,26,2556"
100228,10,2,28,40,919029,"4,732,1,1207","1,289000,25,2598",,"25,21994,26,2871"
100229,10,2,29,40,919030,"4,767,1,1265","1,310000,25,2785",,"25,24332,26,3186"
100230,10,2,30,40,919031,"4,803,1,1324","1,333000,25,2996",,"25,26838,26,3501"
100231,10,2,31,40,919032,"4,840,1,1386","1,357000,25,3206",,"25,29534,26,3816"
100232,10,2,32,40,919033,"4,879,1,1449","1,383000,25,3440",,"25,32419,26,4131"
100233,10,2,33,40,919034,"4,918,1,1514","1,411000,25,3698",,"25,35515,26,4446"
100234,10,2,34,40,919035,"4,959,1,1581","1,440000,25,3955",,"25,38843,26,4761"
100235,10,2,35,40,919036,"4,1001,1,1650","1,468000,25,4212",,"25,42402,26,5076"
100236,10,2,36,40,919037,"4,1044,1,1721","1,500000,25,4493",,"25,46192,26,5391"
100237,10,2,37,40,919038,"4,1088,1,1795","1,533000,25,4797",,"25,50235,26,5706"
100238,10,2,38,40,919039,"4,1134,1,1871","1,570000,25,5125",,"25,54552,26,6021"
100239,10,2,39,40,919040,"4,1182,1,1949","1,609000,25,5476",,"25,59164,26,6336"
100240,10,2,40,40,919041,"4,1230,1,2029",,"1,2600000,26,2340","25,64092,26,6651"
100340,10,3,40,60,919042,"4,1354,1,2232,5,165","1,689000,25,4134,26,207",,"25,64092,26,8757"
100341,10,3,41,60,919043,"4,1409,1,2323,5,172","1,809000,25,4812,26,247",,"25,67399,26,8922"
100342,10,3,42,60,919044,"4,1466,1,2417,5,179","1,858000,25,5063,26,266",,"25,71248,26,9119"
100343,10,3,43,60,919045,"4,1524,1,2514,5,186","1,913000,25,5339,26,288",,"25,75298,26,9331"
100344,10,3,44,60,919046,"4,1585,1,2613,5,194","1,970000,25,5625,26,311",,"25,79569,26,9561"
100345,10,3,45,60,919047,"4,1647,1,2716,5,201","1,1030000,25,5921,26,335",,"25,84069,26,9809"
100346,10,3,46,60,919048,"4,1711,1,2821,5,209","1,1095000,25,6240,26,362",,"25,88805,26,10077"
100347,10,3,47,60,919049,"4,1777,1,2930,5,217","1,1163000,25,6567,26,390",,"25,93797,26,10366"
100348,10,3,48,60,919050,"4,1845,1,3042,5,225","1,1233000,25,6902,26,420",,"25,99050,26,10678"
100349,10,3,49,60,919051,"4,1915,1,3158,5,234","1,1308000,25,7259,26,452",,"25,104571,26,11014"
100350,10,3,50,60,919052,"4,1987,1,3276,5,243","1,1386000,25,7622,26,486",,"25,110378,26,11375"
100351,10,3,51,60,919053,"4,2061,1,3399,5,252","1,1469000,25,8007,26,522",,"25,116475,26,11763"
100352,10,3,52,60,919054,"4,2137,1,3524,5,261","1,1555000,25,8396,26,560",,"25,122880,26,12180"
100353,10,3,53,60,919055,"4,2216,1,3654,5,271","1,1646000,25,8806,26,601",,"25,129596,26,12628"
100354,10,3,54,60,919056,"4,2297,1,3787,5,281","1,1742000,25,9233,26,645",,"25,136640,26,13108"
100355,10,3,55,60,919057,"4,2380,1,3924,5,291","1,1844000,25,9678,26,692",,"25,144026,26,13624"
100356,10,3,56,60,919058,"4,2466,1,4065,5,301","1,1953000,25,10154,26,742",,"25,151768,26,14177"
100357,10,3,57,60,919059,"4,2553,1,4210,5,312","1,2065000,25,10632,26,795",,"25,159891,26,14770"
100358,10,3,58,60,919060,"4,2644,1,4360,5,323","1,2182000,25,11126,26,851",,"25,168396,26,15406"
100359,10,3,59,60,919061,"4,2738,1,4513,5,335","1,2307000,25,11647,26,911",,"25,177296,26,16086"
100360,10,3,60,60,919062,"4,2833,1,4671,5,346",,"1,13000000,26,11700","25,186613,26,16814"
100460,10,4,60,80,919063,"4,3117,1,5138,5,381,15,600","1,2577000,25,12883,26,1031",,"25,186613,26,26174"
100461,10,4,61,80,919064,"4,3225,1,5317,5,394,15,630","1,2993000,25,14814,26,1213",,"25,195631,26,26895"
100462,10,4,62,80,919065,"4,3336,1,5501,5,408,15,660","1,3162000,25,15492,26,1297",,"25,206000,26,27744"
100463,10,4,63,80,919066,"4,3451,1,5690,5,422,15,690","1,3339000,25,16192,26,1386",,"25,216844,26,28651"
100464,10,4,64,80,919067,"4,3569,1,5884,5,437,15,720","1,3523000,25,16911,26,1480",,"25,228178,26,29621"
100465,10,4,65,80,919068,"4,3691,1,6085,5,451,15,750","1,3718000,25,17661,26,1581",,"25,240015,26,30657"
100466,10,4,66,80,919069,"4,3815,1,6290,5,467,15,780","1,3924000,25,18440,26,1688",,"25,252377,26,31763"
100467,10,4,67,80,919070,"4,3943,1,6501,5,482,15,810","1,4137000,25,19236,26,1800",,"25,265285,26,32944"
100468,10,4,68,80,919071,"4,4075,1,6718,5,498,15,840","1,4363000,25,20069,26,1920",,"25,278750,26,34204"
100469,10,4,69,80,919072,"4,4211,1,6942,5,515,15,870","1,4602000,25,20940,26,2048",,"25,292798,26,35548"
100470,10,4,70,80,919073,"4,4350,1,7171,5,532,15,900","1,4852000,25,21833,26,2184",,"25,307456,26,36981"
100471,10,4,71,80,919074,"4,4493,1,7407,5,550,15,930","1,5115000,25,22759,26,2327",,"25,322739,26,38509"
100472,10,4,72,80,919075,"4,4640,1,7650,5,568,15,960","1,5390000,25,23716,26,2480",,"25,338670,26,40137"
100473,10,4,73,80,919076,"4,4791,1,7899,5,586,15,990","1,5679000,25,24702,26,2641",,"25,355271,26,41873"
100474,10,4,74,80,919077,"4,4947,1,8156,5,605,15,1020","1,5983000,25,25726,26,2812",,"25,372562,26,43721"
100475,10,4,75,80,919078,"4,5107,1,8419,5,625,15,1050","1,6300000,25,26775,26,2993",,"25,390570,26,45689"
100476,10,4,76,80,919079,"4,5271,1,8690,5,645,15,1080","1,6636000,25,27868,26,3185",,"25,409312,26,47784"
100477,10,4,77,80,919080,"4,5440,1,8968,5,666,15,1110","1,6989000,25,29004,26,3390",,"25,428819,26,50013"
100478,10,4,78,80,919081,"4,5613,1,9253,5,687,15,1140","1,7358000,25,30168,26,3606",,"25,449121,26,52386"
100479,10,4,79,80,919082,"4,5791,1,9547,5,709,15,1170","1,7746000,25,31369,26,3834",,"25,470238,26,54910"
100480,10,4,80,80,919083,"4,5974,1,9849,5,731,15,1200",,,"25,492196,26,57593"
