ID,ItemType,EquipType,SellReward,Quality,ShowStar,EquipAttr,EquipSkill,ComposeNum,ComposeType,ComposeDropID,BattlePower,SuitID
1,1,0,,0,0,,,0,0,0,0,0
2,3,0,,0,0,,,0,0,0,0,0
3,1,0,,0,0,,,0,0,0,0,0
4,3,0,,0,0,,,0,0,0,0,0
5,3,0,,0,0,,,0,0,0,0,0
6,3,0,,0,0,,,0,0,0,0,0
7,1,0,,0,0,,,0,0,0,0,0
8,1,0,,0,0,,,0,0,0,0,0
9,1,0,,0,0,,,0,0,0,0,0
10,3,0,,0,0,,,0,0,0,0,0
11,1,0,,0,0,,,0,0,0,0,0
12,1,0,,0,0,,,0,0,0,0,0
13,3,0,,0,0,,,0,0,0,0,0
14,3,0,,0,0,,,0,0,0,0,0
15,3,0,,0,0,,,0,0,0,0,0
16,3,0,,0,0,,,0,0,0,0,0
17,1,0,,0,0,,,0,0,0,0,0
18,1,0,,0,0,,,0,0,0,0,0
19,1,0,,0,0,,,0,0,0,0,0
20,1,0,,0,0,,,0,0,0,0,0
21,1,0,,0,0,,,0,0,0,0,0
22,3,0,,0,0,,,0,0,0,0,0
23,3,0,,0,0,,,0,0,0,0,0
24,3,0,,0,0,,,0,0,0,0,0
25,3,0,,0,0,,,0,0,0,0,0
26,3,0,,0,0,,,0,0,0,0,0
101,3,0,,0,0,,,0,0,0,0,0
10001,2,1,"1,100",1,1,"4,22",,0,0,0,12,0
10002,2,1,"1,200",2,1,"4,45",,0,0,0,24,0
10003,2,1,"1,500",2,2,"4,77",,0,0,0,42,0
10004,2,1,"1,1000",3,1,"4,124",,0,0,0,68,0
10005,2,1,"1,2000",3,2,"4,192",,0,0,0,105,0
10006,2,1,"1,5000",4,1,"4,289",,0,0,0,159,10006
10007,2,1,"1,10000",4,2,"4,430",,0,0,0,236,10007
10008,2,1,"1,20000",4,3,"4,631",,0,0,0,347,10008
10009,2,1,"1,50000",5,1,"4,922",,0,0,0,507,10009
10010,2,1,"1,100000",5,2,"4,1341",,0,0,0,737,10010
10011,2,1,"1,200000",5,3,"4,1944",,0,0,0,1069,10011
10012,2,1,"1,500000",5,4,"4,2813",,0,0,0,1547,10012
10013,2,1,"1,1000000",6,1,"4,4063",,0,0,0,2235,10013
10014,2,1,"1,2000000",6,2,"4,5864",,0,0,0,3225,10014
10015,2,1,"1,5000000",6,3,"4,8457",,0,0,0,4651,10015
10016,2,1,"1,10000000",6,4,"4,12192",,0,0,0,6705,10016
11001,2,2,"1,100",1,1,"1,71,5,8",,0,0,0,12,0
11002,2,2,"1,200",2,1,"1,142,5,17",,0,0,0,24,0
11003,2,2,"1,500",2,2,"1,245,5,29",,0,0,0,42,0
11004,2,2,"1,1000",3,1,"1,393,5,47",,0,0,0,68,0
11005,2,2,"1,2000",3,2,"1,607,5,72",,0,0,0,105,0
11006,2,2,"1,5000",4,1,"1,916,5,109",,0,0,0,159,10006
11007,2,2,"1,10000",4,2,"1,1360,5,162",,0,0,0,236,10007
11008,2,2,"1,20000",4,3,"1,1998,5,239",,0,0,0,347,10008
11009,2,2,"1,50000",5,1,"1,2917,5,349",,0,0,0,507,10009
11010,2,2,"1,100000",5,2,"1,4242,5,508",,0,0,0,737,10010
11011,2,2,"1,200000",5,3,"1,6149,5,736",,0,0,0,1069,10011
11012,2,2,"1,500000",5,4,"1,8896,5,1065",,0,0,0,1547,10012
11013,2,2,"1,1000000",6,1,"1,12851,5,1539",,0,0,0,2235,10013
11014,2,2,"1,2000000",6,2,"1,18546,5,2222",,0,0,0,3225,10014
11015,2,2,"1,5000000",6,3,"1,26748,5,3204",,0,0,0,4651,10015
11016,2,2,"1,10000000",6,4,"1,38557,5,4619",,0,0,0,6705,10016
12001,2,3,"1,100",1,1,"1,43,4,4",,0,0,0,7,0
12002,2,3,"1,200",2,1,"1,87,4,8",,0,0,0,15,0
12003,2,3,"1,500",2,2,"1,150,4,14",,0,0,0,26,0
12004,2,3,"1,1000",3,1,"1,241,4,23",,0,0,0,41,0
12005,2,3,"1,2000",3,2,"1,372,4,36",,0,0,0,64,0
12006,2,3,"1,5000",4,1,"1,561,4,55",,0,0,0,97,10006
12007,2,3,"1,10000",4,2,"1,833,4,81",,0,0,0,144,10007
12008,2,3,"1,20000",4,3,"1,1224,4,120",,0,0,0,212,10008
12009,2,3,"1,50000",5,1,"1,1788,4,175",,0,0,0,311,10009
12010,2,3,"1,100000",5,2,"1,2600,4,254",,0,0,0,452,10010
12011,2,3,"1,200000",5,3,"1,3769,4,369",,0,0,0,655,10011
12012,2,3,"1,500000",5,4,"1,5452,4,534",,0,0,0,948,10012
12013,2,3,"1,1000000",6,1,"1,7876,4,772",,0,0,0,1369,10013
12014,2,3,"1,2000000",6,2,"1,11367,4,1114",,0,0,0,1976,10014
12015,2,3,"1,5000000",6,3,"1,16394,4,1607",,0,0,0,2851,10015
12016,2,3,"1,10000000",6,4,"1,23631,4,2316",,0,0,0,4109,10016
13001,2,4,"1,100",1,1,"4,9,5,5",,0,0,0,7,0
13002,2,4,"1,200",2,1,"4,19,5,10",,0,0,0,15,0
13003,2,4,"1,500",2,2,"4,32,5,18",,0,0,0,26,0
13004,2,4,"1,1000",3,1,"4,52,5,28",,0,0,0,41,0
13005,2,4,"1,2000",3,2,"4,81,5,44",,0,0,0,64,0
13006,2,4,"1,5000",4,1,"4,122,5,67",,0,0,0,97,10006
13007,2,4,"1,10000",4,2,"4,181,5,99",,0,0,0,144,10007
13008,2,4,"1,20000",4,3,"4,267,5,146",,0,0,0,212,10008
13009,2,4,"1,50000",5,1,"4,390,5,214",,0,0,0,311,10009
13010,2,4,"1,100000",5,2,"4,567,5,311",,0,0,0,452,10010
13011,2,4,"1,200000",5,3,"4,822,5,451",,0,0,0,655,10011
13012,2,4,"1,500000",5,4,"4,1189,5,653",,0,0,0,948,10012
13013,2,4,"1,1000000",6,1,"4,1718,5,943",,0,0,0,1369,10013
13014,2,4,"1,2000000",6,2,"4,2480,5,1361",,0,0,0,1976,10014
13015,2,4,"1,5000000",6,3,"4,3576,5,1964",,0,0,0,2851,10015
13016,2,4,"1,10000000",6,4,"4,5156,5,2831",,0,0,0,4109,10016
14001,2,5,"13,0",2,1,"4,55",,0,0,0,30,0
14002,2,5,"13,0",2,1,"1,174,5,20",,0,0,0,30,0
14011,2,5,"13,10",2,2,"4,95",,0,0,0,52,0
14012,2,5,"13,10",2,2,"1,301,5,36",,0,0,0,52,0
14021,2,5,"13,30",3,1,"4,152",,0,0,0,83,0
14022,2,5,"13,30",3,1,"1,482,5,57",,0,0,0,83,0
14031,2,5,"13,80",3,2,"4,235",,0,0,0,129,0
14032,2,5,"13,80",3,2,"1,745,5,89",,0,0,0,129,0
14041,2,5,"13,180",4,1,"4,355",800001,0,0,0,197,0
14042,2,5,"13,180",4,1,"4,355",800101,0,0,0,197,0
14043,2,5,"13,180",4,1,"4,355",800201,0,0,0,197,0
14044,2,5,"13,180",4,1,"4,355",800301,0,0,0,197,0
14045,2,5,"13,180",4,1,"4,355",800401,0,0,0,197,0
14046,2,5,"13,180",4,1,"4,355",800501,0,0,0,197,0
14047,2,5,"13,180",4,1,"4,355",800601,0,0,0,197,0
14048,2,5,"13,180",4,1,"4,355",800701,0,0,0,197,0
14049,2,5,"13,180",4,1,"4,355",800801,0,0,0,197,0
14051,2,5,"13,180",4,1,"1,1123,5,134",801001,0,0,0,197,0
14052,2,5,"13,180",4,1,"1,1123,5,134",801101,0,0,0,197,0
14053,2,5,"13,180",4,1,"1,1123,5,134",801201,0,0,0,197,0
14054,2,5,"13,180",4,1,"1,1123,5,134",801301,0,0,0,197,0
14055,2,5,"13,180",4,1,"1,1123,5,134",801401,0,0,0,197,0
14056,2,5,"13,180",4,1,"1,1123,5,134",801501,0,0,0,197,0
14057,2,5,"13,180",4,1,"1,1123,5,134",801601,0,0,0,197,0
14058,2,5,"13,180",4,1,"1,1123,5,134",801701,0,0,0,197,0
14059,2,5,"13,180",4,1,"1,1123,5,134",801801,0,0,0,197,0
14061,2,5,"13,380",4,2,"4,527",800002,0,0,0,295,0
14062,2,5,"13,380",4,2,"4,527",800102,0,0,0,295,0
14063,2,5,"13,380",4,2,"4,527",800202,0,0,0,295,0
14064,2,5,"13,380",4,2,"4,527",800302,0,0,0,295,0
14065,2,5,"13,380",4,2,"4,527",800402,0,0,0,295,0
14066,2,5,"13,380",4,2,"4,527",800502,0,0,0,295,0
14067,2,5,"13,380",4,2,"4,527",800602,0,0,0,295,0
14068,2,5,"13,380",4,2,"4,527",800702,0,0,0,295,0
14069,2,5,"13,380",4,2,"4,527",800802,0,0,0,295,0
14071,2,5,"13,380",4,2,"1,1667,5,199",801002,0,0,0,295,0
14072,2,5,"13,380",4,2,"1,1667,5,199",801102,0,0,0,295,0
14073,2,5,"13,380",4,2,"1,1667,5,199",801202,0,0,0,295,0
14074,2,5,"13,380",4,2,"1,1667,5,199",801302,0,0,0,295,0
14075,2,5,"13,380",4,2,"1,1667,5,199",801402,0,0,0,295,0
14076,2,5,"13,380",4,2,"1,1667,5,199",801502,0,0,0,295,0
14077,2,5,"13,380",4,2,"1,1667,5,199",801602,0,0,0,295,0
14078,2,5,"13,380",4,2,"1,1667,5,199",801702,0,0,0,295,0
14079,2,5,"13,380",4,2,"1,1667,5,199",801802,0,0,0,295,0
14081,2,5,"13,880",4,3,"4,774",800003,0,0,0,438,0
14082,2,5,"13,880",4,3,"4,774",800103,0,0,0,438,0
14083,2,5,"13,880",4,3,"4,774",800203,0,0,0,438,0
14084,2,5,"13,880",4,3,"4,774",800303,0,0,0,438,0
14085,2,5,"13,880",4,3,"4,774",800403,0,0,0,438,0
14086,2,5,"13,880",4,3,"4,774",800503,0,0,0,438,0
14087,2,5,"13,880",4,3,"4,774",800603,0,0,0,438,0
14088,2,5,"13,880",4,3,"4,774",800703,0,0,0,438,0
14089,2,5,"13,880",4,3,"4,774",800803,0,0,0,438,0
14091,2,5,"13,880",4,3,"1,2449,5,293",801003,0,0,0,438,0
14092,2,5,"13,880",4,3,"1,2449,5,293",801103,0,0,0,438,0
14093,2,5,"13,880",4,3,"1,2449,5,293",801203,0,0,0,438,0
14094,2,5,"13,880",4,3,"1,2449,5,293",801303,0,0,0,438,0
14095,2,5,"13,880",4,3,"1,2449,5,293",801403,0,0,0,438,0
14096,2,5,"13,880",4,3,"1,2449,5,293",801503,0,0,0,438,0
14097,2,5,"13,880",4,3,"1,2449,5,293",801603,0,0,0,438,0
14098,2,5,"13,880",4,3,"1,2449,5,293",801703,0,0,0,438,0
14099,2,5,"13,880",4,3,"1,2449,5,293",801803,0,0,0,438,0
14101,2,5,"13,1880",5,1,"4,1131",800004,0,0,0,646,0
14102,2,5,"13,1880",5,1,"4,1131",800104,0,0,0,646,0
14103,2,5,"13,1880",5,1,"4,1131",800204,0,0,0,646,0
14104,2,5,"13,1880",5,1,"4,1131",800304,0,0,0,646,0
14105,2,5,"13,1880",5,1,"4,1131",800404,0,0,0,646,0
14106,2,5,"13,1880",5,1,"4,1131",800504,0,0,0,646,0
14107,2,5,"13,1880",5,1,"4,1131",800604,0,0,0,646,0
14108,2,5,"13,1880",5,1,"4,1131",800704,0,0,0,646,0
14109,2,5,"13,1880",5,1,"4,1131",800804,0,0,0,646,0
14111,2,5,"13,1880",5,1,"1,3576,5,428",801004,0,0,0,646,0
14112,2,5,"13,1880",5,1,"1,3576,5,428",801104,0,0,0,646,0
14113,2,5,"13,1880",5,1,"1,3576,5,428",801204,0,0,0,646,0
14114,2,5,"13,1880",5,1,"1,3576,5,428",801304,0,0,0,646,0
14115,2,5,"13,1880",5,1,"1,3576,5,428",801404,0,0,0,646,0
14116,2,5,"13,1880",5,1,"1,3576,5,428",801504,0,0,0,646,0
14117,2,5,"13,1880",5,1,"1,3576,5,428",801604,0,0,0,646,0
14118,2,5,"13,1880",5,1,"1,3576,5,428",801704,0,0,0,646,0
14119,2,5,"13,1880",5,1,"1,3576,5,428",801804,0,0,0,646,0
14121,2,5,"13,3880",5,2,"4,1644",800005,0,0,0,949,0
14122,2,5,"13,3880",5,2,"4,1644",800105,0,0,0,949,0
14123,2,5,"13,3880",5,2,"4,1644",800205,0,0,0,949,0
14124,2,5,"13,3880",5,2,"4,1644",800305,0,0,0,949,0
14125,2,5,"13,3880",5,2,"4,1644",800405,0,0,0,949,0
14126,2,5,"13,3880",5,2,"4,1644",800505,0,0,0,949,0
14127,2,5,"13,3880",5,2,"4,1644",800605,0,0,0,949,0
14128,2,5,"13,3880",5,2,"4,1644",800705,0,0,0,949,0
14129,2,5,"13,3880",5,2,"4,1644",800805,0,0,0,949,0
14131,2,5,"13,3880",5,2,"1,5200,5,623",801005,0,0,0,949,0
14132,2,5,"13,3880",5,2,"1,5200,5,623",801105,0,0,0,949,0
14133,2,5,"13,3880",5,2,"1,5200,5,623",801205,0,0,0,949,0
14134,2,5,"13,3880",5,2,"1,5200,5,623",801305,0,0,0,949,0
14135,2,5,"13,3880",5,2,"1,5200,5,623",801405,0,0,0,949,0
14136,2,5,"13,3880",5,2,"1,5200,5,623",801505,0,0,0,949,0
14137,2,5,"13,3880",5,2,"1,5200,5,623",801605,0,0,0,949,0
14138,2,5,"13,3880",5,2,"1,5200,5,623",801705,0,0,0,949,0
14139,2,5,"13,3880",5,2,"1,5200,5,623",801805,0,0,0,949,0
14141,2,5,"13,8880",5,3,"4,2383",800006,0,0,0,1389,0
14142,2,5,"13,8880",5,3,"4,2383",800106,0,0,0,1389,0
14143,2,5,"13,8880",5,3,"4,2383",800206,0,0,0,1389,0
14144,2,5,"13,8880",5,3,"4,2383",800306,0,0,0,1389,0
14145,2,5,"13,8880",5,3,"4,2383",800406,0,0,0,1389,0
14146,2,5,"13,8880",5,3,"4,2383",800506,0,0,0,1389,0
14147,2,5,"13,8880",5,3,"4,2383",800606,0,0,0,1389,0
14148,2,5,"13,8880",5,3,"4,2383",800706,0,0,0,1389,0
14149,2,5,"13,8880",5,3,"4,2383",800806,0,0,0,1389,0
14151,2,5,"13,8880",5,3,"1,7538,5,903",801006,0,0,0,1389,0
14152,2,5,"13,8880",5,3,"1,7538,5,903",801106,0,0,0,1389,0
14153,2,5,"13,8880",5,3,"1,7538,5,903",801206,0,0,0,1389,0
14154,2,5,"13,8880",5,3,"1,7538,5,903",801306,0,0,0,1389,0
14155,2,5,"13,8880",5,3,"1,7538,5,903",801406,0,0,0,1389,0
14156,2,5,"13,8880",5,3,"1,7538,5,903",801506,0,0,0,1389,0
14157,2,5,"13,8880",5,3,"1,7538,5,903",801606,0,0,0,1389,0
14158,2,5,"13,8880",5,3,"1,7538,5,903",801706,0,0,0,1389,0
14159,2,5,"13,8880",5,3,"1,7538,5,903",801806,0,0,0,1389,0
14161,2,5,"13,18880",6,1,"4,3448,37,200",800007,0,0,0,2048,0
14162,2,5,"13,18880",6,1,"4,3448,37,200",800107,0,0,0,2048,0
14163,2,5,"13,18880",6,1,"4,3448,37,200",800207,0,0,0,2048,0
14164,2,5,"13,18880",6,1,"4,3448,37,200",800307,0,0,0,2048,0
14165,2,5,"13,18880",6,1,"4,3448,37,200",800407,0,0,0,2048,0
14166,2,5,"13,18880",6,1,"4,3448,37,200",800507,0,0,0,2048,0
14167,2,5,"13,18880",6,1,"4,3448,37,200",800607,0,0,0,2048,0
14168,2,5,"13,18880",6,1,"4,3448,37,200",800707,0,0,0,2048,0
14169,2,5,"13,18880",6,1,"4,3448,37,200",800807,0,0,0,2048,0
14171,2,5,"13,18880",6,1,"1,10905,5,1306,36,200,38,200",801007,0,0,0,2048,0
14172,2,5,"13,18880",6,1,"1,10905,5,1306,36,200,38,200",801107,0,0,0,2048,0
14173,2,5,"13,18880",6,1,"1,10905,5,1306,36,200,38,200",801207,0,0,0,2048,0
14174,2,5,"13,18880",6,1,"1,10905,5,1306,36,200,38,200",801307,0,0,0,2048,0
14175,2,5,"13,18880",6,1,"1,10905,5,1306,36,200,38,200",801407,0,0,0,2048,0
14176,2,5,"13,18880",6,1,"1,10905,5,1306,36,200,38,200",801507,0,0,0,2048,0
14177,2,5,"13,18880",6,1,"1,10905,5,1306,36,200,38,200",801607,0,0,0,2048,0
14178,2,5,"13,18880",6,1,"1,10905,5,1306,36,200,38,200",801707,0,0,0,2048,0
14179,2,5,"13,18880",6,1,"1,10905,5,1306,36,200,38,200",801807,0,0,0,2048,0
14181,2,5,"13,38880",6,2,"4,4981,37,400",800008,0,0,0,3013,0
14182,2,5,"13,38880",6,2,"4,4981,37,400",800108,0,0,0,3013,0
14183,2,5,"13,38880",6,2,"4,4981,37,400",800208,0,0,0,3013,0
14184,2,5,"13,38880",6,2,"4,4981,37,400",800308,0,0,0,3013,0
14185,2,5,"13,38880",6,2,"4,4981,37,400",800408,0,0,0,3013,0
14186,2,5,"13,38880",6,2,"4,4981,37,400",800508,0,0,0,3013,0
14187,2,5,"13,38880",6,2,"4,4981,37,400",800608,0,0,0,3013,0
14188,2,5,"13,38880",6,2,"4,4981,37,400",800708,0,0,0,3013,0
14189,2,5,"13,38880",6,2,"4,4981,37,400",800808,0,0,0,3013,0
14191,2,5,"13,38880",6,2,"1,15753,5,1887,36,400,38,400",801008,0,0,0,3013,0
14192,2,5,"13,38880",6,2,"1,15753,5,1887,36,400,38,400",801108,0,0,0,3013,0
14193,2,5,"13,38880",6,2,"1,15753,5,1887,36,400,38,400",801208,0,0,0,3013,0
14194,2,5,"13,38880",6,2,"1,15753,5,1887,36,400,38,400",801308,0,0,0,3013,0
14195,2,5,"13,38880",6,2,"1,15753,5,1887,36,400,38,400",801408,0,0,0,3013,0
14196,2,5,"13,38880",6,2,"1,15753,5,1887,36,400,38,400",801508,0,0,0,3013,0
14197,2,5,"13,38880",6,2,"1,15753,5,1887,36,400,38,400",801608,0,0,0,3013,0
14198,2,5,"13,38880",6,2,"1,15753,5,1887,36,400,38,400",801708,0,0,0,3013,0
14199,2,5,"13,38880",6,2,"1,15753,5,1887,36,400,38,400",801808,0,0,0,3013,0
14201,2,5,"13,88880",6,3,"4,7188,37,600",800009,0,0,0,4428,0
14202,2,5,"13,88880",6,3,"4,7188,37,600",800109,0,0,0,4428,0
14203,2,5,"13,88880",6,3,"4,7188,37,600",800209,0,0,0,4428,0
14204,2,5,"13,88880",6,3,"4,7188,37,600",800309,0,0,0,4428,0
14205,2,5,"13,88880",6,3,"4,7188,37,600",800409,0,0,0,4428,0
14206,2,5,"13,88880",6,3,"4,7188,37,600",800509,0,0,0,4428,0
14207,2,5,"13,88880",6,3,"4,7188,37,600",800609,0,0,0,4428,0
14208,2,5,"13,88880",6,3,"4,7188,37,600",800709,0,0,0,4428,0
14209,2,5,"13,88880",6,3,"4,7188,37,600",800809,0,0,0,4428,0
14211,2,5,"13,88880",6,3,"1,22734,5,2723,36,600,38,600",801009,0,0,0,4428,0
14212,2,5,"13,88880",6,3,"1,22734,5,2723,36,600,38,600",801109,0,0,0,4428,0
14213,2,5,"13,88880",6,3,"1,22734,5,2723,36,600,38,600",801209,0,0,0,4428,0
14214,2,5,"13,88880",6,3,"1,22734,5,2723,36,600,38,600",801309,0,0,0,4428,0
14215,2,5,"13,88880",6,3,"1,22734,5,2723,36,600,38,600",801409,0,0,0,4428,0
14216,2,5,"13,88880",6,3,"1,22734,5,2723,36,600,38,600",801509,0,0,0,4428,0
14217,2,5,"13,88880",6,3,"1,22734,5,2723,36,600,38,600",801609,0,0,0,4428,0
14218,2,5,"13,88880",6,3,"1,22734,5,2723,36,600,38,600",801709,0,0,0,4428,0
14219,2,5,"13,88880",6,3,"1,22734,5,2723,36,600,38,600",801809,0,0,0,4428,0
14221,2,5,"13,188880",6,4,"4,10367,37,800",800010,0,0,0,6500,0
14222,2,5,"13,188880",6,4,"4,10367,37,800",800110,0,0,0,6500,0
14223,2,5,"13,188880",6,4,"4,10367,37,800",800210,0,0,0,6500,0
14224,2,5,"13,188880",6,4,"4,10367,37,800",800310,0,0,0,6500,0
14225,2,5,"13,188880",6,4,"4,10367,37,800",800410,0,0,0,6500,0
14226,2,5,"13,188880",6,4,"4,10367,37,800",800510,0,0,0,6500,0
14227,2,5,"13,188880",6,4,"4,10367,37,800",800610,0,0,0,6500,0
14228,2,5,"13,188880",6,4,"4,10367,37,800",800710,0,0,0,6500,0
14229,2,5,"13,188880",6,4,"4,10367,37,800",800810,0,0,0,6500,0
14231,2,5,"13,188880",6,4,"1,32788,5,3928,36,800,38,800",801010,0,0,0,6500,0
14232,2,5,"13,188880",6,4,"1,32788,5,3928,36,800,38,800",801110,0,0,0,6500,0
14233,2,5,"13,188880",6,4,"1,32788,5,3928,36,800,38,800",801210,0,0,0,6500,0
14234,2,5,"13,188880",6,4,"1,32788,5,3928,36,800,38,800",801310,0,0,0,6500,0
14235,2,5,"13,188880",6,4,"1,32788,5,3928,36,800,38,800",801410,0,0,0,6500,0
14236,2,5,"13,188880",6,4,"1,32788,5,3928,36,800,38,800",801510,0,0,0,6500,0
14237,2,5,"13,188880",6,4,"1,32788,5,3928,36,800,38,800",801610,0,0,0,6500,0
14238,2,5,"13,188880",6,4,"1,32788,5,3928,36,800,38,800",801710,0,0,0,6500,0
14239,2,5,"13,188880",6,4,"1,32788,5,3928,36,800,38,800",801810,0,0,0,6500,0
14241,2,5,"13,388880",6,5,"4,14945,37,1000",800011,0,0,0,9534,0
14242,2,5,"13,388880",6,5,"4,14945,37,1000",800111,0,0,0,9534,0
14243,2,5,"13,388880",6,5,"4,14945,37,1000",800211,0,0,0,9534,0
14244,2,5,"13,388880",6,5,"4,14945,37,1000",800311,0,0,0,9534,0
14245,2,5,"13,388880",6,5,"4,14945,37,1000",800411,0,0,0,9534,0
14246,2,5,"13,388880",6,5,"4,14945,37,1000",800511,0,0,0,9534,0
14247,2,5,"13,388880",6,5,"4,14945,37,1000",800611,0,0,0,9534,0
14248,2,5,"13,388880",6,5,"4,14945,37,1000",800711,0,0,0,9534,0
14249,2,5,"13,388880",6,5,"4,14945,37,1000",800811,0,0,0,9534,0
14251,2,5,"13,388880",6,5,"1,47263,5,5662,36,1000,38,1000",801011,0,0,0,9534,0
14252,2,5,"13,388880",6,5,"1,47263,5,5662,36,1000,38,1000",801111,0,0,0,9534,0
14253,2,5,"13,388880",6,5,"1,47263,5,5662,36,1000,38,1000",801211,0,0,0,9534,0
14254,2,5,"13,388880",6,5,"1,47263,5,5662,36,1000,38,1000",801311,0,0,0,9534,0
14255,2,5,"13,388880",6,5,"1,47263,5,5662,36,1000,38,1000",801411,0,0,0,9534,0
14256,2,5,"13,388880",6,5,"1,47263,5,5662,36,1000,38,1000",801511,0,0,0,9534,0
14257,2,5,"13,388880",6,5,"1,47263,5,5662,36,1000,38,1000",801611,0,0,0,9534,0
14258,2,5,"13,388880",6,5,"1,47263,5,5662,36,1000,38,1000",801711,0,0,0,9534,0
14259,2,5,"13,388880",6,5,"1,47263,5,5662,36,1000,38,1000",801811,0,0,0,9534,0
15001,2,6,"14,20",3,1,"1,365,5,64,14,120",810001,0,0,0,87,0
15002,2,6,"14,40",3,2,"1,605,5,107,14,144",810001,0,0,0,145,0
15003,2,6,"14,70",3,3,"1,850,5,151,14,168",810001,0,0,0,204,0
15004,2,6,"14,110",3,4,"1,1095,5,194,14,192",810001,0,0,0,262,0
15005,2,6,"14,160",3,5,"1,1335,5,237,14,240",810001,0,0,0,320,0
15011,2,6,"14,20",3,1,"1,243,4,79,15,100",810001,0,0,0,87,0
15012,2,6,"14,40",3,2,"1,403,4,132,15,120",810001,0,0,0,145,0
15013,2,6,"14,70",3,3,"1,566,4,185,15,140",810001,0,0,0,204,0
15014,2,6,"14,110",3,4,"1,730,4,238,15,160",810001,0,0,0,262,0
15015,2,6,"14,160",3,5,"1,890,4,291,15,200",810001,0,0,0,320,0
15021,2,6,"14,20",3,1,"4,106,5,32,12,80",810001,0,0,0,87,0
15022,2,6,"14,40",3,2,"4,176,5,53,12,96",810001,0,0,0,145,0
15023,2,6,"14,70",3,3,"4,247,5,75,12,112",810001,0,0,0,204,0
15024,2,6,"14,110",3,4,"4,318,5,97,12,128",810001,0,0,0,262,0
15025,2,6,"14,160",3,5,"4,388,5,118,12,160",810001,0,0,0,320,0
15031,2,6,"14,20",3,1,"1,365,5,64,11,120",810001,0,0,0,87,0
15032,2,6,"14,40",3,2,"1,605,5,107,11,144",810001,0,0,0,145,0
15033,2,6,"14,70",3,3,"1,850,5,151,11,168",810001,0,0,0,204,0
15034,2,6,"14,110",3,4,"1,1095,5,194,11,192",810001,0,0,0,262,0
15035,2,6,"14,160",3,5,"1,1335,5,237,11,240",810001,0,0,0,320,0
15041,2,6,"14,20",3,1,"1,243,4,79,9,80",810001,0,0,0,87,0
15042,2,6,"14,40",3,2,"1,403,4,132,9,96",810001,0,0,0,145,0
15043,2,6,"14,70",3,3,"1,566,4,185,9,112",810001,0,0,0,204,0
15044,2,6,"14,110",3,4,"1,730,4,238,9,128",810001,0,0,0,262,0
15045,2,6,"14,160",3,5,"1,890,4,291,9,160",810001,0,0,0,320,0
15051,2,6,"14,20",3,1,"4,106,5,32,20,100",810001,0,0,0,87,0
15052,2,6,"14,40",3,2,"4,176,5,53,20,120",810001,0,0,0,145,0
15053,2,6,"14,70",3,3,"4,247,5,75,20,140",810001,0,0,0,204,0
15054,2,6,"14,110",3,4,"4,318,5,97,20,160",810001,0,0,0,262,0
15055,2,6,"14,160",3,5,"4,388,5,118,20,200",810001,0,0,0,320,0
15101,2,6,"14,200",4,1,"1,1750,5,254,14,300",810001,0,0,0,420,0
15102,2,6,"14,400",4,2,"1,2920,5,424,14,360",810001,0,0,0,700,0
15103,2,6,"14,700",4,3,"1,4090,5,594,14,420",810001,0,0,0,981,0
15104,2,6,"14,1100",4,4,"1,5260,5,765,14,480",810001,0,0,0,1262,0
15105,2,6,"14,1600",4,5,"1,6430,5,935,14,600",810001,0,0,0,1543,0
15111,2,6,"14,200",4,1,"1,1166,4,323,15,250",810001,0,0,0,420,0
15112,2,6,"14,400",4,2,"1,1946,4,539,15,300",810001,0,0,0,700,0
15113,2,6,"14,700",4,3,"1,2726,4,755,15,350",810001,0,0,0,981,0
15114,2,6,"14,1100",4,4,"1,3506,4,971,15,400",810001,0,0,0,1262,0
15115,2,6,"14,1600",4,5,"1,4286,4,1187,15,500",810001,0,0,0,1543,0
15121,2,6,"14,200",4,1,"4,509,5,127,12,200",810001,0,0,0,420,0
15122,2,6,"14,400",4,2,"4,849,5,212,12,240",810001,0,0,0,700,0
15123,2,6,"14,700",4,3,"4,1189,5,297,12,280",810001,0,0,0,981,0
15124,2,6,"14,1100",4,4,"4,1530,5,382,12,320",810001,0,0,0,1262,0
15125,2,6,"14,1600",4,5,"4,1870,5,467,12,400",810001,0,0,0,1543,0
15131,2,6,"14,200",4,1,"1,1750,5,254,11,300",810001,0,0,0,420,0
15132,2,6,"14,400",4,2,"1,2920,5,424,11,360",810001,0,0,0,700,0
15133,2,6,"14,700",4,3,"1,4090,5,594,11,420",810001,0,0,0,981,0
15134,2,6,"14,1100",4,4,"1,5260,5,765,11,480",810001,0,0,0,1262,0
15135,2,6,"14,1600",4,5,"1,6430,5,935,11,600",810001,0,0,0,1543,0
15141,2,6,"14,200",4,1,"1,1166,4,323,9,200",810001,0,0,0,420,0
15142,2,6,"14,400",4,2,"1,1946,4,539,9,240",810001,0,0,0,700,0
15143,2,6,"14,700",4,3,"1,2726,4,755,9,280",810001,0,0,0,981,0
15144,2,6,"14,1100",4,4,"1,3506,4,971,9,320",810001,0,0,0,1262,0
15145,2,6,"14,1600",4,5,"1,4286,4,1187,9,400",810001,0,0,0,1543,0
15151,2,6,"14,200",4,1,"4,509,5,127,20,250",810001,0,0,0,420,0
15152,2,6,"14,400",4,2,"4,849,5,212,20,300",810001,0,0,0,700,0
15153,2,6,"14,700",4,3,"4,1189,5,297,20,350",810001,0,0,0,981,0
15154,2,6,"14,1100",4,4,"4,1530,5,382,20,400",810001,0,0,0,1262,0
15155,2,6,"14,1600",4,5,"4,1870,5,467,20,500",810001,0,0,0,1543,0
15201,2,6,"14,2000",5,1,"1,7725,5,1123,14,720",810002,0,0,0,1854,0
15202,2,6,"14,4000",5,2,"1,12875,5,1872,14,840",810002,0,0,0,3090,0
15203,2,6,"14,7000",5,3,"1,18025,5,2621,14,960",810002,0,0,0,4326,0
15204,2,6,"14,11000",5,4,"1,23175,5,3370,14,1080",810002,0,0,0,5562,0
15205,2,6,"14,16000",5,5,"1,28325,5,4120,14,1200",810002,0,0,0,6798,0
15211,2,6,"14,2000",5,1,"1,5150,4,1426,15,600",810002,0,0,0,1854,0
15212,2,6,"14,4000",5,2,"1,8583,4,2376,15,700",810002,0,0,0,3090,0
15213,2,6,"14,7000",5,3,"1,12016,4,3327,15,800",810002,0,0,0,4326,0
15214,2,6,"14,11000",5,4,"1,15450,4,4278,15,900",810002,0,0,0,5562,0
15215,2,6,"14,16000",5,5,"1,18883,4,5229,15,1000",810002,0,0,0,6798,0
15221,2,6,"14,2000",5,1,"4,2247,5,561,12,480",810002,0,0,0,1854,0
15222,2,6,"14,4000",5,2,"4,3745,5,936,12,560",810002,0,0,0,3090,0
15223,2,6,"14,7000",5,3,"4,5243,5,1310,12,640",810002,0,0,0,4326,0
15224,2,6,"14,11000",5,4,"4,6741,5,1685,12,720",810002,0,0,0,5562,0
15225,2,6,"14,16000",5,5,"4,8240,5,2060,12,800",810002,0,0,0,6798,0
15231,2,6,"14,2000",5,1,"1,7725,5,1123,11,720",810002,0,0,0,1854,0
15232,2,6,"14,4000",5,2,"1,12875,5,1872,11,840",810002,0,0,0,3090,0
15233,2,6,"14,7000",5,3,"1,18025,5,2621,11,960",810002,0,0,0,4326,0
15234,2,6,"14,11000",5,4,"1,23175,5,3370,11,1080",810002,0,0,0,5562,0
15235,2,6,"14,16000",5,5,"1,28325,5,4120,11,1200",810002,0,0,0,6798,0
15241,2,6,"14,2000",5,1,"1,5150,4,1426,9,480",810002,0,0,0,1854,0
15242,2,6,"14,4000",5,2,"1,8583,4,2376,9,560",810002,0,0,0,3090,0
15243,2,6,"14,7000",5,3,"1,12016,4,3327,9,640",810002,0,0,0,4326,0
15244,2,6,"14,11000",5,4,"1,15450,4,4278,9,720",810002,0,0,0,5562,0
15245,2,6,"14,16000",5,5,"1,18883,4,5229,9,800",810002,0,0,0,6798,0
15251,2,6,"14,2000",5,1,"4,2247,5,561,20,600",810002,0,0,0,1854,0
15252,2,6,"14,4000",5,2,"4,3745,5,936,20,700",810002,0,0,0,3090,0
15253,2,6,"14,7000",5,3,"4,5243,5,1310,20,800",810002,0,0,0,4326,0
15254,2,6,"14,11000",5,4,"4,6741,5,1685,20,900",810002,0,0,0,5562,0
15255,2,6,"14,16000",5,5,"4,8240,5,2060,20,1000",810002,0,0,0,6798,0
20001,2,2,,,,"36,6874,37,-2969,38,-7188",,0,0,0,0,0
20002,2,2,,,,"36,20304,37,2626,38,-4950",,0,0,0,0,0
20003,2,2,,,,"36,37011,37,9588,38,-2165",,0,0,0,0,0
20004,2,2,,,,"36,59457,37,18940,38,1576",,0,0,0,0,0
20005,2,2,,,,"36,87733,37,30722,38,6288",,0,0,0,0,0
20006,2,2,,,,"36,120972,37,44571,38,11828",,0,0,0,0,0
20007,2,2,,,,"36,157157,37,59649,38,17859",,0,0,0,0,0
20008,2,2,,,,"36,214007,37,83336,38,27334",,0,0,0,0,0
20009,2,2,,,,"36,275896,37,109123,38,37649",,0,0,0,0,0
20010,2,2,,,,"36,354884,37,142035,38,50814",,0,0,0,0,0
20101,2,2,,,,"15,3000,20,3000","900001,900002,900003,900004",0,0,0,0,0
20102,2,2,,,,"15,3000,20,3000","900005,900006,900007,900008",0,0,0,0,0
20103,2,2,,,,"15,3000,20,3000","900009,900010,900011,900012",0,0,0,0,0
20201,2,2,,,,"36,1236561,37,-1690,38,-5845",,0,0,0,0,0
20202,2,2,,,,"36,1923826,37,2892,38,-3554",,0,0,0,0,0
20203,2,2,,,,"36,2711088,37,8140,38,-930",,0,0,0,0,0
20204,2,2,,,,"36,3636518,37,14310,38,2155",,0,0,0,0,0
20205,2,2,,,,"36,4643984,37,21026,38,5513",,0,0,0,0,0
20206,2,2,,,,"36,5929794,37,29598,38,9799",,0,0,0,0,0
20207,2,2,,,,"36,7209857,37,38132,38,14066",,0,0,0,0,0
20208,2,2,,,,"36,8765782,37,48505,38,19252",,0,0,0,0,0
20209,2,2,,,,"36,10657018,37,61113,38,25556",,0,0,0,0,0
20210,2,2,,,,"36,12955827,37,76438,38,33219",,0,0,0,0,0
20301,2,2,,,,"36,1236561,37,-1690,38,-5845",,0,0,0,0,0
20302,2,2,,,,"36,1923826,37,2892,38,-3554",,0,0,0,0,0
20303,2,2,,,,"36,2711088,37,8140,38,-930",,0,0,0,0,0
20304,2,2,,,,"36,3636518,37,14310,38,2155",,0,0,0,0,0
20305,2,2,,,,"36,4643984,37,21026,38,5513",,0,0,0,0,0
20306,2,2,,,,"36,5929794,37,29598,38,9799",,0,0,0,0,0
20307,2,2,,,,"36,7209857,37,38132,38,14066",,0,0,0,0,0
20308,2,2,,,,"36,8765782,37,48505,38,19252",,0,0,0,0,0
20309,2,2,,,,"36,10657018,37,61113,38,25556",,0,0,0,0,0
20310,2,2,,,,"36,12955827,37,76438,38,33219",,0,0,0,0,0
21001,2,1,,,,"15,100,16,100",,0,0,0,0,0
21002,2,1,,,,"15,200,16,200",,0,0,0,0,0
21003,2,1,,,,"15,300,16,300",,0,0,0,0,0
21004,2,1,,,,"15,400,16,400",,0,0,0,0,0
21005,2,1,,,,"15,500,16,500",,0,0,0,0,0
21006,2,1,,,,"15,600,16,600",,0,0,0,0,0
21007,2,1,,,,"15,700,16,700",,0,0,0,0,0
21008,2,1,,,,"15,800,16,800",,0,0,0,0,0
21009,2,1,,,,"15,900,16,900",,0,0,0,0,0
21010,2,1,,,,"15,1000,16,1000",,0,0,0,0,0
21011,2,1,,,,"15,1100,16,1100",,0,0,0,0,0
21012,2,1,,,,"15,1200,16,1200",,0,0,0,0,0
21013,2,1,,,,"15,1300,16,1300",,0,0,0,0,0
21014,2,1,,,,"15,1400,16,1400",,0,0,0,0,0
21015,2,1,,,,"15,1500,16,1500",,0,0,0,0,0
21016,2,1,,,,"15,1600,16,1600",,0,0,0,0,0
21017,2,1,,,,"15,1700,16,1700",,0,0,0,0,0
21018,2,1,,,,"15,1800,16,1800",,0,0,0,0,0
21019,2,1,,,,"15,1900,16,1900",,0,0,0,0,0
21020,2,1,,,,"15,2000,16,2000",,0,0,0,0,0
21021,2,1,,,,"15,2100,16,2100",,0,0,0,0,0
21022,2,1,,,,"15,2200,16,2200",,0,0,0,0,0
21023,2,1,,,,"15,2300,16,2300",,0,0,0,0,0
21024,2,1,,,,"15,2400,16,2400",,0,0,0,0,0
21025,2,1,,,,"15,2500,16,2500",,0,0,0,0,0
21026,2,1,,,,"15,2600,16,2600",,0,0,0,0,0
21027,2,1,,,,"15,2700,16,2700",,0,0,0,0,0
21028,2,1,,,,"15,2800,16,2800",,0,0,0,0,0
21029,2,1,,,,"15,2900,16,2900",,0,0,0,0,0
21030,2,1,,,,"15,3000,16,3000",,0,0,0,0,0
21031,2,1,,,,"15,3100,16,3100",,0,0,0,0,0
21032,2,1,,,,"15,3200,16,3200",,0,0,0,0,0
21033,2,1,,,,"15,3300,16,3300",,0,0,0,0,0
21034,2,1,,,,"15,3400,16,3400",,0,0,0,0,0
21035,2,1,,,,"15,3500,16,3500",,0,0,0,0,0
21036,2,1,,,,"15,3600,16,3600",,0,0,0,0,0
21037,2,1,,,,"15,3700,16,3700",,0,0,0,0,0
21038,2,1,,,,"15,3800,16,3800",,0,0,0,0,0
21039,2,1,,,,"15,3900,16,3900",,0,0,0,0,0
21040,2,1,,,,"15,4000,16,4000",,0,0,0,0,0
21041,2,1,,,,"15,4100,16,4100",,0,0,0,0,0
21042,2,1,,,,"15,4200,16,4200",,0,0,0,0,0
21043,2,1,,,,"15,4300,16,4300",,0,0,0,0,0
21044,2,1,,,,"15,4400,16,4400",,0,0,0,0,0
21045,2,1,,,,"15,4500,16,4500",,0,0,0,0,0
21046,2,1,,,,"15,4600,16,4600",,0,0,0,0,0
21047,2,1,,,,"15,4700,16,4700",,0,0,0,0,0
21048,2,1,,,,"15,4800,16,4800",,0,0,0,0,0
21049,2,1,,,,"15,4900,16,4900",,0,0,0,0,0
21050,2,1,,,,"15,5000,16,5000",,0,0,0,0,0
22001,2,1,,,,"36,-6914,37,-5647,38,-5647",,0,0,0,0,0
22002,2,1,,,,"36,-6759,37,-5430,38,-5430",,0,0,0,0,0
22003,2,1,,,,"36,-6597,37,-5201,38,-5201",,0,0,0,0,0
22004,2,1,,,,"36,-6427,37,-4961,38,-4961",,0,0,0,0,0
22005,2,1,,,,"36,-6249,37,-4709,38,-4709",,0,0,0,0,0
22006,2,1,,,,"36,-6061,37,-4445,38,-4445",,0,0,0,0,0
22007,2,1,,,,"36,-5864,37,-4167,38,-4167",,0,0,0,0,0
22008,2,1,,,,"36,-5657,37,-3875,38,-3875",,0,0,0,0,0
22009,2,1,,,,"36,-5440,37,-3569,38,-3569",,0,0,0,0,0
22010,2,1,,,,"36,-5212,37,-3247,38,-3247",,0,0,0,0,0
22011,2,1,,,,"36,-4973,37,-2910,38,-2910",,0,0,0,0,0
22012,2,1,,,,"36,-4721,37,-2555,38,-2555",,0,0,0,0,0
22013,2,1,,,,"36,-4457,37,-2183,38,-2183",,0,0,0,0,0
22014,2,1,,,,"36,-4180,37,-1792,38,-1792",,0,0,0,0,0
22015,2,1,,,,"36,-3889,37,-1382,38,-1382",,0,0,0,0,0
22016,2,1,,,,"36,-3583,37,-951,38,-951",,0,0,0,0,0
22017,2,1,,,,"36,-3263,37,-498,38,-498",,0,0,0,0,0
22018,2,1,,,,"36,-2926,37,-23,38,-23",,0,0,0,0,0
22019,2,1,,,,"36,-2572,37,476,38,476",,0,0,0,0,0
22020,2,1,,,,"36,-2200,37,1000,38,1000",,0,0,0,0,0
22021,2,1,,,,"36,-1810,37,1550,38,1550",,0,0,0,0,0
22022,2,1,,,,"36,-1401,37,2127,38,2127",,0,0,0,0,0
22023,2,1,,,,"36,-971,37,2733,38,2733",,0,0,0,0,0
22024,2,1,,,,"36,-520,37,3370,38,3370",,0,0,0,0,0
22025,2,1,,,,"36,-46,37,4039,38,4039",,0,0,0,0,0
22026,2,1,,,,"36,452,37,4741,38,4741",,0,0,0,0,0
22027,2,1,,,,"36,975,37,5478,38,5478",,0,0,0,0,0
22028,2,1,,,,"36,1524,37,6252,38,6252",,0,0,0,0,0
22029,2,1,,,,"36,2100,37,7064,38,7064",,0,0,0,0,0
22030,2,1,,,,"36,2705,37,7917,38,7917",,0,0,0,0,0
22031,2,1,,,,"36,3340,37,8813,38,8813",,0,0,0,0,0
22032,2,1,,,,"36,4007,37,9754,38,9754",,0,0,0,0,0
22033,2,1,,,,"36,4708,37,10742,38,10742",,0,0,0,0,0
22034,2,1,,,,"36,5443,37,11779,38,11779",,0,0,0,0,0
22035,2,1,,,,"36,6215,37,12868,38,12868",,0,0,0,0,0
22036,2,1,,,,"36,7026,37,14011,38,14011",,0,0,0,0,0
22037,2,1,,,,"36,7877,37,15212,38,15212",,0,0,0,0,0
22038,2,1,,,,"36,8771,37,16472,38,16472",,0,0,0,0,0
22039,2,1,,,,"36,9710,37,17796,38,17796",,0,0,0,0,0
22040,2,1,,,,"36,10695,37,19186,38,19186",,0,0,0,0,0
22041,2,1,,,,"36,11730,37,20645,38,20645",,0,0,0,0,0
22042,2,1,,,,"36,12817,37,22177,38,22177",,0,0,0,0,0
22043,2,1,,,,"36,13957,37,23786,38,23786",,0,0,0,0,0
22044,2,1,,,,"36,15155,37,25476,38,25476",,0,0,0,0,0
22045,2,1,,,,"36,16413,37,27249,38,27249",,0,0,0,0,0
22046,2,1,,,,"36,17734,37,29112,38,29112",,0,0,0,0,0
22047,2,1,,,,"36,19120,37,31068,38,31068",,0,0,0,0,0
22048,2,1,,,,"36,20577,37,33121,38,33121",,0,0,0,0,0
22049,2,1,,,,"36,22105,37,35277,38,35277",,0,0,0,0,0
22050,2,1,,,,"36,23711,37,37541,38,37541",,0,0,0,0,0
22051,2,1,,,,"36,25396,37,39918,38,39918",,0,0,0,0,0
22052,2,1,,,,"36,27166,37,42414,38,42414",,0,0,0,0,0
22053,2,1,,,,"36,29024,37,45035,38,45035",,0,0,0,0,0
22054,2,1,,,,"36,30976,37,47786,38,47786",,0,0,0,0,0
22055,2,1,,,,"36,33024,37,50676,38,50676",,0,0,0,0,0
22056,2,1,,,,"36,35176,37,53709,38,53709",,0,0,0,0,0
22057,2,1,,,,"36,37434,37,56895,38,56895",,0,0,0,0,0
22058,2,1,,,,"36,39806,37,60240,38,60240",,0,0,0,0,0
22059,2,1,,,,"36,42297,37,63752,38,63752",,0,0,0,0,0
22060,2,1,,,,"36,44911,37,67439,38,67439",,0,0,0,0,0
22061,2,1,,,,"36,47657,37,71311,38,71311",,0,0,0,0,0
22062,2,1,,,,"36,50540,37,75377,38,75377",,0,0,0,0,0
22063,2,1,,,,"36,53567,37,79646,38,79646",,0,0,0,0,0
22064,2,1,,,,"36,56745,37,84128,38,84128",,0,0,0,0,0
22065,2,1,,,,"36,60083,37,88835,38,88835",,0,0,0,0,0
22066,2,1,,,,"36,63587,37,93776,38,93776",,0,0,0,0,0
22067,2,1,,,,"36,67266,37,98965,38,98965",,0,0,0,0,0
22068,2,1,,,,"36,71129,37,104413,38,104413",,0,0,0,0,0
22069,2,1,,,,"36,75186,37,110134,38,110134",,0,0,0,0,0
22070,2,1,,,,"36,79445,37,116141,38,116141",,0,0,0,0,0
22071,2,1,,,,"36,83918,37,122448,38,122448",,0,0,0,0,0
22072,2,1,,,,"36,88613,37,129070,38,129070",,0,0,0,0,0
22073,2,1,,,,"36,93544,37,136024,38,136024",,0,0,0,0,0
22074,2,1,,,,"36,98721,37,143325,38,143325",,0,0,0,0,0
22075,2,1,,,,"36,104157,37,150991,38,150991",,0,0,0,0,0
22076,2,1,,,,"36,109865,37,159041,38,159041",,0,0,0,0,0
22077,2,1,,,,"36,115859,37,167493,38,167493",,0,0,0,0,0
22078,2,1,,,,"36,122152,37,176368,38,176368",,0,0,0,0,0
22079,2,1,,,,"36,128759,37,185686,38,185686",,0,0,0,0,0
22080,2,1,,,,"36,135697,37,195471,38,195471",,0,0,0,0,0
22081,2,1,,,,"36,142982,37,205744,38,205744",,0,0,0,0,0
22082,2,1,,,,"36,150631,37,216531,38,216531",,0,0,0,0,0
22083,2,1,,,,"36,158663,37,227858,38,227858",,0,0,0,0,0
22084,2,1,,,,"36,167096,37,239751,38,239751",,0,0,0,0,0
22085,2,1,,,,"36,175951,37,252238,38,252238",,0,0,0,0,0
22086,2,1,,,,"36,185248,37,265350,38,265350",,0,0,0,0,0
22087,2,1,,,,"36,195011,37,279118,38,279118",,0,0,0,0,0
22088,2,1,,,,"36,205261,37,293574,38,293574",,0,0,0,0,0
22089,2,1,,,,"36,216024,37,308753,38,308753",,0,0,0,0,0
22090,2,1,,,,"36,227326,37,324690,38,324690",,0,0,0,0,0
22091,2,1,,,,"36,239192,37,341425,38,341425",,0,0,0,0,0
22092,2,1,,,,"36,251652,37,358996,38,358996",,0,0,0,0,0
22093,2,1,,,,"36,264734,37,377446,38,377446",,0,0,0,0,0
22094,2,1,,,,"36,278471,37,396818,38,396818",,0,0,0,0,0
22095,2,1,,,,"36,292894,37,417159,38,417159",,0,0,0,0,0
22096,2,1,,,,"36,308039,37,438517,38,438517",,0,0,0,0,0
22097,2,1,,,,"36,323941,37,460943,38,460943",,0,0,0,0,0
22098,2,1,,,,"36,340638,37,484490,38,484490",,0,0,0,0,0
22099,2,1,,,,"36,358170,37,509215,38,509215",,0,0,0,0,0
22100,2,1,,,,"36,376579,37,535175,38,535175",,0,0,0,0,0
23001,2,1,,,,"36,-3827,37,-5647,38,-5647",810002,0,0,0,0,0
23002,2,1,,,,"36,-3518,37,-5430,38,-5430",810002,0,0,0,0,0
23003,2,1,,,,"36,-3194,37,-5201,38,-5201",810002,0,0,0,0,0
23004,2,1,,,,"36,-2854,37,-4961,38,-4961",810002,0,0,0,0,0
23005,2,1,,,,"36,-2497,37,-4709,38,-4709",810002,0,0,0,0,0
23006,2,1,,,,"36,-2121,37,-4445,38,-4445",810002,0,0,0,0,0
23007,2,1,,,,"36,-1727,37,-4167,38,-4167",810002,0,0,0,0,0
23008,2,1,,,,"36,-1314,37,-3875,38,-3875",810002,0,0,0,0,0
23009,2,1,,,,"36,-880,37,-3569,38,-3569",810002,0,0,0,0,0
23010,2,1,,,,"36,-423,37,-3247,38,-3247",810002,0,0,0,0,0
23011,2,1,,,,"36,55,37,-2910,38,-2910",810002,0,0,0,0,0
23012,2,1,,,,"36,558,37,-2555,38,-2555",810002,0,0,0,0,0
23013,2,1,,,,"36,1086,37,-2183,38,-2183",810002,0,0,0,0,0
23014,2,1,,,,"36,1640,37,-1792,38,-1792",810002,0,0,0,0,0
23015,2,1,,,,"36,2223,37,-1382,38,-1382",810002,0,0,0,0,0
23016,2,1,,,,"36,2834,37,-951,38,-951",810002,0,0,0,0,0
23017,2,1,,,,"36,3475,37,-498,38,-498",810002,0,0,0,0,0
23018,2,1,,,,"36,4149,37,-23,38,-23",810002,0,0,0,0,0
23019,2,1,,,,"36,4857,37,476,38,476",810002,0,0,0,0,0
23020,2,1,,,,"36,5600,37,1000,38,1000",810002,0,0,0,0,0
23021,2,1,,,,"36,6380,37,1550,38,1550",810002,0,0,0,0,0
23022,2,1,,,,"36,7199,37,2127,38,2127",810002,0,0,0,0,0
23023,2,1,,,,"36,8058,37,2733,38,2733",810002,0,0,0,0,0
23024,2,1,,,,"36,8961,37,3370,38,3370",810002,0,0,0,0,0
23025,2,1,,,,"36,9909,37,4039,38,4039",810002,0,0,0,0,0
23026,2,1,,,,"36,10905,37,4741,38,4741",810002,0,0,0,0,0
23027,2,1,,,,"36,11950,37,5478,38,5478",810002,0,0,0,0,0
23028,2,1,,,,"36,13048,37,6252,38,6252",810002,0,0,0,0,0
23029,2,1,,,,"36,14200,37,7064,38,7064",810002,0,0,0,0,0
23030,2,1,,,,"36,15410,37,7917,38,7917",810002,0,0,0,0,0
23031,2,1,,,,"36,16681,37,8813,38,8813",810002,0,0,0,0,0
23032,2,1,,,,"36,18015,37,9754,38,9754",810002,0,0,0,0,0
23033,2,1,,,,"36,19416,37,10742,38,10742",810002,0,0,0,0,0
23034,2,1,,,,"36,20886,37,11779,38,11779",810002,0,0,0,0,0
23035,2,1,,,,"36,22431,37,12868,38,12868",810002,0,0,0,0,0
23036,2,1,,,,"36,24052,37,14011,38,14011",810002,0,0,0,0,0
23037,2,1,,,,"36,25755,37,15212,38,15212",810002,0,0,0,0,0
23038,2,1,,,,"36,27543,37,16472,38,16472",810002,0,0,0,0,0
23039,2,1,,,,"36,29420,37,17796,38,17796",810002,0,0,0,0,0
23040,2,1,,,,"36,31391,37,19186,38,19186",810002,0,0,0,0,0
23041,2,1,,,,"36,33461,37,20645,38,20645",810002,0,0,0,0,0
23042,2,1,,,,"36,35634,37,22177,38,22177",810002,0,0,0,0,0
23043,2,1,,,,"36,37915,37,23786,38,23786",810002,0,0,0,0,0
23044,2,1,,,,"36,40311,37,25476,38,25476",810002,0,0,0,0,0
23045,2,1,,,,"36,42827,37,27249,38,27249",810002,0,0,0,0,0
23046,2,1,,,,"36,45468,37,29112,38,29112",810002,0,0,0,0,0
23047,2,1,,,,"36,48241,37,31068,38,31068",810002,0,0,0,0,0
23048,2,1,,,,"36,51154,37,33121,38,33121",810002,0,0,0,0,0
23049,2,1,,,,"36,54211,37,35277,38,35277",810002,0,0,0,0,0
23050,2,1,,,,"36,57422,37,37541,38,37541",810002,0,0,0,0,0
23051,2,1,,,,"36,60793,37,39918,38,39918",810002,0,0,0,0,0
23052,2,1,,,,"36,64333,37,42414,38,42414",810002,0,0,0,0,0
23053,2,1,,,,"36,68049,37,45035,38,45035",810002,0,0,0,0,0
23054,2,1,,,,"36,71952,37,47786,38,47786",810002,0,0,0,0,0
23055,2,1,,,,"36,76049,37,50676,38,50676",810002,0,0,0,0,0
23056,2,1,,,,"36,80352,37,53709,38,53709",810002,0,0,0,0,0
23057,2,1,,,,"36,84869,37,56895,38,56895",810002,0,0,0,0,0
23058,2,1,,,,"36,89613,37,60240,38,60240",810002,0,0,0,0,0
23059,2,1,,,,"36,94594,37,63752,38,63752",810002,0,0,0,0,0
23060,2,1,,,,"36,99823,37,67439,38,67439",810002,0,0,0,0,0
23061,2,1,,,,"36,105315,37,71311,38,71311",810002,0,0,0,0,0
23062,2,1,,,,"36,111080,37,75377,38,75377",810002,0,0,0,0,0
23063,2,1,,,,"36,117134,37,79646,38,79646",810002,0,0,0,0,0
23064,2,1,,,,"36,123491,37,84128,38,84128",810002,0,0,0,0,0
23065,2,1,,,,"36,130166,37,88835,38,88835",810002,0,0,0,0,0
23066,2,1,,,,"36,137174,37,93776,38,93776",810002,0,0,0,0,0
23067,2,1,,,,"36,144533,37,98965,38,98965",810002,0,0,0,0,0
23068,2,1,,,,"36,152259,37,104413,38,104413",810002,0,0,0,0,0
23069,2,1,,,,"36,160372,37,110134,38,110134",810002,0,0,0,0,0
23070,2,1,,,,"36,168891,37,116141,38,116141",810002,0,0,0,0,0
23071,2,1,,,,"36,177836,37,122448,38,122448",810002,0,0,0,0,0
23072,2,1,,,,"36,187227,37,129070,38,129070",810002,0,0,0,0,0
23073,2,1,,,,"36,197089,37,136024,38,136024",810002,0,0,0,0,0
23074,2,1,,,,"36,207443,37,143325,38,143325",810002,0,0,0,0,0
23075,2,1,,,,"36,218315,37,150991,38,150991",810002,0,0,0,0,0
23076,2,1,,,,"36,229731,37,159041,38,159041",810002,0,0,0,0,0
23077,2,1,,,,"36,241718,37,167493,38,167493",810002,0,0,0,0,0
23078,2,1,,,,"36,254304,37,176368,38,176368",810002,0,0,0,0,0
23079,2,1,,,,"36,267519,37,185686,38,185686",810002,0,0,0,0,0
23080,2,1,,,,"36,281395,37,195471,38,195471",810002,0,0,0,0,0
23081,2,1,,,,"36,295965,37,205744,38,205744",810002,0,0,0,0,0
23082,2,1,,,,"36,311263,37,216531,38,216531",810002,0,0,0,0,0
23083,2,1,,,,"36,327326,37,227858,38,227858",810002,0,0,0,0,0
23084,2,1,,,,"36,344192,37,239751,38,239751",810002,0,0,0,0,0
23085,2,1,,,,"36,361902,37,252238,38,252238",810002,0,0,0,0,0
23086,2,1,,,,"36,380497,37,265350,38,265350",810002,0,0,0,0,0
23087,2,1,,,,"36,400022,37,279118,38,279118",810002,0,0,0,0,0
23088,2,1,,,,"36,420523,37,293574,38,293574",810002,0,0,0,0,0
23089,2,1,,,,"36,442049,37,308753,38,308753",810002,0,0,0,0,0
23090,2,1,,,,"36,464652,37,324690,38,324690",810002,0,0,0,0,0
23091,2,1,,,,"36,488384,37,341425,38,341425",810002,0,0,0,0,0
23092,2,1,,,,"36,513304,37,358996,38,358996",810002,0,0,0,0,0
23093,2,1,,,,"36,539469,37,377446,38,377446",810002,0,0,0,0,0
23094,2,1,,,,"36,566942,37,396818,38,396818",810002,0,0,0,0,0
23095,2,1,,,,"36,595789,37,417159,38,417159",810002,0,0,0,0,0
23096,2,1,,,,"36,626079,37,438517,38,438517",810002,0,0,0,0,0
23097,2,1,,,,"36,657883,37,460943,38,460943",810002,0,0,0,0,0
23098,2,1,,,,"36,691277,37,484490,38,484490",810002,0,0,0,0,0
23099,2,1,,,,"36,726341,37,509215,38,509215",810002,0,0,0,0,0
23100,2,1,,,,"36,763158,37,535175,38,535175",810002,0,0,0,0,0
51001,4,0,,2,1,,,10,1,1001,0,0
51011,4,0,,3,2,,,20,1,1011,0,0
51021,4,0,,4,3,,,30,1,1021,0,0
51031,4,0,,5,4,,,40,1,1031,0,0
51032,4,0,,5,4,,,40,1,1032,0,0
51033,4,0,,5,4,,,40,1,1033,0,0
51051,4,0,,6,5,,,50,1,1051,0,0
51052,4,0,,6,5,,,50,1,1052,0,0
51053,4,0,,6,5,,,50,1,1053,0,0
51054,4,0,,6,5,,,50,1,1054,0,0
51055,4,0,,6,5,,,50,1,1055,0,0
51056,4,0,,6,5,,,50,1,1056,0,0
51057,4,0,,4,5,,,50,1,1057,0,0
51059,4,0,,4,5,,,50,1,1059,0,0
52001,4,0,,2,1,,,10,1,2001,0,0
52011,4,0,,3,2,,,20,1,2011,0,0
52021,4,0,,4,3,,,30,1,2021,0,0
52031,4,0,,5,4,,,40,1,2031,0,0
52032,4,0,,5,4,,,40,1,2032,0,0
52033,4,0,,5,4,,,40,1,2033,0,0
52051,4,0,,6,5,,,50,1,2051,0,0
52052,4,0,,6,5,,,50,1,2052,0,0
52053,4,0,,6,5,,,50,1,2053,0,0
52054,4,0,,6,5,,,50,1,2054,0,0
52055,4,0,,6,5,,,50,1,2055,0,0
52056,4,0,,6,5,,,50,1,2056,0,0
52057,4,0,,4,5,,,50,1,2057,0,0
52058,4,0,,4,5,,,50,1,2058,0,0
52059,4,0,,4,5,,,50,1,2059,0,0
53001,4,0,,2,1,,,10,1,3001,0,0
53011,4,0,,3,2,,,20,1,3011,0,0
53021,4,0,,4,3,,,30,1,3021,0,0
53031,4,0,,5,4,,,40,1,3031,0,0
53032,4,0,,5,4,,,40,1,3032,0,0
53033,4,0,,5,4,,,40,1,3033,0,0
53051,4,0,,6,5,,,50,1,3051,0,0
53052,4,0,,6,5,,,50,1,3052,0,0
53053,4,0,,6,5,,,50,1,3053,0,0
53054,4,0,,6,5,,,50,1,3054,0,0
53055,4,0,,6,5,,,50,1,3055,0,0
53056,4,0,,6,5,,,50,1,3056,0,0
53057,4,0,,4,5,,,50,1,3057,0,0
54001,4,0,,2,1,,,10,1,4001,0,0
54011,4,0,,3,2,,,20,1,4011,0,0
54021,4,0,,4,3,,,30,1,4021,0,0
54031,4,0,,5,4,,,40,1,4031,0,0
54032,4,0,,5,4,,,40,1,4032,0,0
54033,4,0,,5,4,,,40,1,4033,0,0
54051,4,0,,6,5,,,50,1,4051,0,0
54052,4,0,,6,5,,,50,1,4052,0,0
54053,4,0,,6,5,,,50,1,4053,0,0
54054,4,0,,6,5,,,50,1,4054,0,0
54055,4,0,,6,5,,,50,1,4055,0,0
54056,4,0,,6,5,,,50,1,4056,0,0
54059,4,0,,4,5,,,50,1,4059,0,0
55001,4,0,,2,1,,,10,1,5001,0,0
55011,4,0,,3,2,,,20,1,5011,0,0
55021,4,0,,4,3,,,30,1,5021,0,0
55031,4,0,,5,4,,,40,1,5031,0,0
55032,4,0,,5,4,,,40,1,5032,0,0
55033,4,0,,5,4,,,40,1,5033,0,0
55051,4,0,,6,5,,,50,1,5051,0,0
55052,4,0,,6,5,,,50,1,5052,0,0
55053,4,0,,6,5,,,50,1,5053,0,0
55054,4,0,,6,5,,,50,1,5054,0,0
55055,4,0,,6,5,,,50,1,5055,0,0
55056,4,0,,6,5,,,50,1,5056,0,0
55058,4,0,,4,5,,,50,1,5058,0,0
56001,4,0,,2,1,,,10,1,6001,0,0
56011,4,0,,3,2,,,20,1,6011,0,0
56021,4,0,,4,3,,,30,1,6021,0,0
56031,4,0,,5,4,,,40,1,6031,0,0
56032,4,0,,5,4,,,40,1,6032,0,0
56033,4,0,,5,4,,,40,1,6033,0,0
56051,4,0,,6,5,,,50,1,6051,0,0
56052,4,0,,6,5,,,50,1,6052,0,0
56053,4,0,,6,5,,,50,1,6053,0,0
56054,4,0,,6,5,,,50,1,6054,0,0
56055,4,0,,6,5,,,50,1,6055,0,0
56056,4,0,,6,5,,,50,1,6056,0,0
56057,4,0,,4,5,,,50,1,6057,0,0
57001,4,0,,5,4,,,40,1,300011,0,0
57002,4,0,,5,4,,,40,1,300012,0,0
57003,4,0,,5,4,,,40,1,300013,0,0
57004,4,0,,5,4,,,40,1,300014,0,0
57005,4,0,,5,4,,,40,1,300015,0,0
57006,4,0,,5,4,,,40,1,300016,0,0
57007,4,0,,5,4,,,40,1,300017,0,0
57008,4,0,,5,4,,,40,1,300018,0,0
57009,4,0,,5,4,,,40,1,300019,0,0
57010,4,0,,5,4,,,40,1,300004,0,0
57011,4,0,,6,5,,,50,1,300021,0,0
57012,4,0,,6,5,,,50,1,300022,0,0
57013,4,0,,6,5,,,50,1,300023,0,0
57014,4,0,,6,5,,,50,1,300024,0,0
57015,4,0,,6,5,,,50,1,300025,0,0
57016,4,0,,6,5,,,50,1,300026,0,0
57017,4,0,,6,5,,,50,1,300027,0,0
57018,4,0,,6,5,,,50,1,300028,0,0
57019,4,0,,6,5,,,50,1,300029,0,0
57020,4,0,,6,5,,,50,1,300005,0,0
61001,5,0,,0,0,,,0,0,0,0,0
61011,5,0,,0,0,,,0,0,0,0,0
61021,5,0,,0,0,,,0,0,0,0,0
61031,5,0,,0,0,,,0,0,0,0,0
61032,5,0,,0,0,,,0,0,0,0,0
61033,5,0,,0,0,,,0,0,0,0,0
61051,5,0,,0,0,,,0,0,0,0,0
61052,5,0,,0,0,,,0,0,0,0,0
61053,5,0,,0,0,,,0,0,0,0,0
61054,5,0,,0,0,,,0,0,0,0,0
61055,5,0,,0,0,,,0,0,0,0,0
61056,5,0,,0,0,,,0,0,0,0,0
61057,5,0,,0,0,,,0,0,0,0,0
61059,5,0,,0,0,,,0,0,0,0,0
62001,5,0,,0,0,,,0,0,0,0,0
62011,5,0,,0,0,,,0,0,0,0,0
62021,5,0,,0,0,,,0,0,0,0,0
62031,5,0,,0,0,,,0,0,0,0,0
62032,5,0,,0,0,,,0,0,0,0,0
62033,5,0,,0,0,,,0,0,0,0,0
62051,5,0,,0,0,,,0,0,0,0,0
62052,5,0,,0,0,,,0,0,0,0,0
62053,5,0,,0,0,,,0,0,0,0,0
62054,5,0,,0,0,,,0,0,0,0,0
62055,5,0,,0,0,,,0,0,0,0,0
62056,5,0,,0,0,,,0,0,0,0,0
62057,5,0,,0,0,,,0,0,0,0,0
62058,5,0,,0,0,,,0,0,0,0,0
62059,5,0,,0,0,,,0,0,0,0,0
63001,5,0,,0,0,,,0,0,0,0,0
63011,5,0,,0,0,,,0,0,0,0,0
63021,5,0,,0,0,,,0,0,0,0,0
63031,5,0,,0,0,,,0,0,0,0,0
63032,5,0,,0,0,,,0,0,0,0,0
63033,5,0,,0,0,,,0,0,0,0,0
63051,5,0,,0,0,,,0,0,0,0,0
63052,5,0,,0,0,,,0,0,0,0,0
63053,5,0,,0,0,,,0,0,0,0,0
63054,5,0,,0,0,,,0,0,0,0,0
63055,5,0,,0,0,,,0,0,0,0,0
63056,5,0,,0,0,,,0,0,0,0,0
63057,5,0,,0,0,,,0,0,0,0,0
64001,5,0,,0,0,,,0,0,0,0,0
64011,5,0,,0,0,,,0,0,0,0,0
64021,5,0,,0,0,,,0,0,0,0,0
64031,5,0,,0,0,,,0,0,0,0,0
64032,5,0,,0,0,,,0,0,0,0,0
64033,5,0,,0,0,,,0,0,0,0,0
64051,5,0,,0,0,,,0,0,0,0,0
64052,5,0,,0,0,,,0,0,0,0,0
64053,5,0,,0,0,,,0,0,0,0,0
64054,5,0,,0,0,,,0,0,0,0,0
64055,5,0,,0,0,,,0,0,0,0,0
64056,5,0,,0,0,,,0,0,0,0,0
64059,5,0,,0,0,,,0,0,0,0,0
65001,5,0,,0,0,,,0,0,0,0,0
65011,5,0,,0,0,,,0,0,0,0,0
65021,5,0,,0,0,,,0,0,0,0,0
65031,5,0,,0,0,,,0,0,0,0,0
65032,5,0,,0,0,,,0,0,0,0,0
65033,5,0,,0,0,,,0,0,0,0,0
65051,5,0,,0,0,,,0,0,0,0,0
65052,5,0,,0,0,,,0,0,0,0,0
65053,5,0,,0,0,,,0,0,0,0,0
65054,5,0,,0,0,,,0,0,0,0,0
65055,5,0,,0,0,,,0,0,0,0,0
65056,5,0,,0,0,,,0,0,0,0,0
65058,5,0,,0,0,,,0,0,0,0,0
66001,5,0,,0,0,,,0,0,0,0,0
66011,5,0,,0,0,,,0,0,0,0,0
66021,5,0,,0,0,,,0,0,0,0,0
66031,5,0,,0,0,,,0,0,0,0,0
66032,5,0,,0,0,,,0,0,0,0,0
66033,5,0,,0,0,,,0,0,0,0,0
66051,5,0,,0,0,,,0,0,0,0,0
66052,5,0,,0,0,,,0,0,0,0,0
66053,5,0,,0,0,,,0,0,0,0,0
66054,5,0,,0,0,,,0,0,0,0,0
66055,5,0,,0,0,,,0,0,0,0,0
66056,5,0,,0,0,,,0,0,0,0,0
66057,5,0,,0,0,,,0,0,0,0,0
